national_occ_title,occ_code,occupation_type,employment_2025,employment_2035,growth_pct,annual_openings,national_median_wage,education,occupation_group,salary_score,growth_score,openings_score
      Chief executives,11-1011,line item,291600.0,300900.0,3.2,19100.0,213990.0,Bachelor's degree,Management,34.66883780815693,49.86737400530504,2.3084360647812425
      General and operations managers,11-1021,line item,3599000.0,3780300.0,5.0,285000.0,105770.0,Bachelor's degree,Management,14.178058848032718,52.25464190981432,34.445250181290795
      Advertising and promotions managers,11-2011,line item,33200.0,31900.0,-3.7,2300.0,133660.0,Bachelor's degree,Management,19.45885560646798,40.716180371352785,0.27797921198936426
        Marketing managers,11-2021,line item,421600.0,450800.0,6.9,34000.0,166790.0,Bachelor's degree,Management,25.731813534290147,54.774535809018566,4.109257916364515
        Sales managers,11-2022,line item,650100.0,679100.0,4.5,47300.0,148270.0,Bachelor's degree,Management,22.225167569205134,51.591511936339515,5.7167029248247525
        Public relations managers,11-2032,line item,80800.0,85400.0,5.7,6100.0,146910.0,Bachelor's degree,Management,21.967660090127616,53.183023872679044,0.7372492144065749
        Fundraising managers,11-2033,line item,48800.0,51400.0,5.4,3700.0,125470.0,Bachelor's degree,Management,17.9081304199644,52.78514588859415,0.4471839497220208
        Administrative services managers,11-3012,line item,279000.0,293300.0,5.2,22000.0,114130.0,Bachelor's degree,Management,15.760972469420986,52.51989389920424,2.658931592941745
        Facilities managers,11-3013,line item,165900.0,173500.0,4.6,14200.0,106660.0,Bachelor's degree,Management,14.3465747718408,51.72413793103448,1.7162194827169446
      Computer and information systems managers,11-3021,line item,685800.0,793900.0,15.8,53500.0,175140.0,Bachelor's degree,Management,27.312833718332257,66.57824933687002,6.466038191926517
      Financial managers,11-3031,line item,879700.0,964600.0,9.7,65600.0,166570.0,Bachelor's degree,Management,25.69015791267467,58.488063660477444,7.928450568044476
      Industrial production managers,11-3051,line item,252100.0,258600.00000000003,2.6,17000.0,126060.0,Bachelor's degree,Management,18.01984322338774,49.07161803713527,2.0546289581822577
      Purchasing managers,11-3061,line item,88300.0,91800.0,4.0,6400.0,148080.0,Bachelor's degree,Management,22.18919225962813,50.92838196286471,0.7735073724921441
"      Transportation, storage, and distribution managers",11-3071,line item,228100.0,242100.0,6.1,18300.0,107230.0,High school diploma or equivalent,Management,14.454500700571819,53.713527851458885,2.2117476432197245
      Compensation and benefits managers,11-3111,line item,23700.0,24000.0,1.1,1600.0,149230.0,Bachelor's degree,Management,22.406937554436325,47.08222811671087,0.19337684312303602
      Human resources managers,11-3121,line item,224900.0,237400.0,5.5,16800.0,149280.0,Bachelor's degree,Management,22.416404741167113,52.91777188328912,2.030456852791878
      Training and development managers,11-3131,line item,50200.0,53500.0,6.4,4100.0,133000.0,Bachelor's degree,Management,19.333888741621543,54.111405835543756,0.49552816050277976
"      Farmers, ranchers, and other agricultural managers",11-9013,line item,788700.0,762200.0,-3.4,70800.0,89900.0,High school diploma or equivalent,Management,11.173173779679631,41.11405835543766,8.556925308194344
      Construction managers,11-9021,line item,609100.0,664300.0,9.1,49700.0,114990.0,Bachelor's degree,Management,15.923808081190593,57.692307692307686,6.006768189509306
"        Education and childcare administrators, preschool and daycare",11-9031,line item,91900.0,89000.0,-3.1,5200.0,59300.0,Bachelor's degree,Management,5.37925550043549,41.511936339522535,0.628474740149867
"        Education administrators, kindergarten through secondary",11-9032,line item,343800.0,342700.0,-0.3,20600.0,105870.0,Master's degree,Management,14.1969932214943,45.22546419098143,2.4897268552090885
"        Education administrators, postsecondary",11-9033,line item,231800.0,235900.0,1.8,14500.0,104590.0,Master's degree,Management,13.954633241186048,48.010610079575585,1.752477640802514
"        Education administrators, all other",11-9039,line item,62000.0,63000.0,1.6,3900.0,95200.0,Bachelor's degree,Management,12.176695573143485,47.745358090185675,0.47135605511240025
      Architectural and engineering managers,11-9041,line item,220900.0,233100.0,5.5,14900.0,171270.0,Bachelor's degree,Management,26.58007346536903,52.91777188328912,1.800821851583273
      Food service managers,11-9051,line item,344300.0,364200.0,5.8,38800.0,69390.0,High school diploma or equivalent,Management,7.28973378270913,53.31564986737399,4.6893884457336235
        Gambling managers,11-9071,line item,5600.0,5800.0,3.6,600.0,93220.0,High school diploma or equivalent,Management,11.801794978604157,50.397877984084886,0.0725163161711385
"        Entertainment and recreation managers, except gambling",11-9072,line item,43900.0,46500.0,6.0,5100.0,79520.0,Bachelor's degree,Management,9.207785814367403,53.580901856763916,0.6163886874546773
      Lodging managers,11-9081,line item,54800.0,56900.0,3.8,5500.0,69250.0,High school diploma or equivalent,Management,7.263225659862915,50.663129973474796,0.6647328982354362
      Medical and health services managers,11-9111,line item,640400.0,795500.0,24.2,62300.0,123860.0,Bachelor's degree,Management,17.603287007232932,77.71883289124666,7.529610829103214
      Natural sciences managers,11-9121,line item,112200.0,121500.0,8.2,9200.0,167220.0,Bachelor's degree,Management,25.81323134017495,56.49867374005304,1.111916847957457
      Postmasters and mail superintendents,11-9131,line item,13300.0,13200.0,-0.3,900.0,96660.0,High school diploma or equivalent,Management,12.453137425682584,45.22546419098143,0.10877447425670776
"      Property, real estate, and community association managers",11-9141,line item,460400.0,477600.0,3.7,36900.0,69990.0,High school diploma or equivalent,Management,7.4033400234786235,50.53050397877984,4.459753444525018
      Social and community service managers,11-9151,line item,231000.0,247700.0,7.2,18500.0,80390.0,Bachelor's degree,Management,9.372514863483167,55.172413793103445,2.2359197486101037
      Emergency management directors,11-9161,line item,14000.0,14500.0,3.9,1100.0,93330.0,Bachelor's degree,Management,11.822622789411898,50.79575596816975,0.13294657964708728
        Funeral home managers,11-9171,line item,34800.0,36200.0,4.1,2600.0,78790.0,Associate's degree,Management,9.069564888097853,51.06100795755968,0.3142373700749335
"        Personal service managers, all other",11-9179,line item,25500.0,27100.0,6.2,2000.0,69770.0,High school diploma or equivalent,Management,7.361684401863141,53.84615384615385,0.241721053903795
"      Managers, all other",11-9199,line item,1338800.0,1404400.0,4.9,100900.0,141900.0,Bachelor's degree,Management,21.01904797970235,52.122015915119356,12.194827169446459
"      Agents and business managers of artists, performers, and athletes",13-1011,line item,26900.0,29500.0,9.7,2400.0,82890.0,Bachelor's degree,Business and Financial,9.84587420002272,58.488063660477444,0.290065264684554
      Buyers and purchasing agents,13-1020,line item,516100.0,547000.0,6.0,47200.0,77710.0,Bachelor's degree,Business and Financial,8.865073654712766,53.580901856763916,5.704616872129562
"        Claims adjusters, examiners, and investigators",13-1031,line item,376100.0,355500.0,-5.5,20900.0,78000.0,High school diploma or equivalent,Business and Financial,8.919983337751354,38.3289124668435,2.525985013294658
"        Insurance appraisers, auto damage",13-1032,line item,13500.0,12400.0,-8.7,700.0,78240.0,Postsecondary nondegree award,Business and Financial,8.965425834059152,34.08488063660477,0.08460236886632826
      Compliance officers,13-1041,line item,436400.0,453100.0,3.8,32700.000000000004,80730.0,Bachelor's degree,Business and Financial,9.436891733252546,50.663129973474796,3.952139231327049
      Cost estimators,13-1051,line item,226400.0,219500.0,-3.1,17600.0,78740.0,Bachelor's degree,Business and Financial,9.060097701367061,41.511936339522535,2.1271452743533965
        Human resources specialists,13-1071,line item,939700.0,999700.0,6.4,73700.0,75940.0,Bachelor's degree,Business and Financial,8.529935244442761,54.111405835543756,8.907420836354847
        Farm labor contractors,13-1074,line item,1900.0,2000.0,7.4,100.0,58460.0,No formal educational credential,Business and Financial,5.220206763358201,55.43766578249336,0.012086052695189751
        Labor relations specialists,13-1075,line item,66300.0,67700.0,2.1,4800.0,95420.0,Bachelor's degree,Business and Financial,12.218351194758965,48.40848806366048,0.580130529369108
        Logisticians,13-1081,line item,255100.0,300000.0,17.6,26600.0,82320.0,Bachelor's degree,Business and Financial,9.737948271291703,68.9655172413793,3.2148900169204735
        Project management specialists,13-1082,line item,1094300.0,1167400.0,6.7,76500.0,102320.0,Bachelor's degree,Business and Financial,13.524822963608136,54.50928381962864,9.245830311820159
      Management analysts,13-1111,line item,1077100.0,1186300.0,10.1,94100.0,101860.0,Bachelor's degree,Business and Financial,13.437724845684857,59.01856763925729,11.372975586173556
"      Meeting, convention, and event planners",13-1121,line item,172100.0,182100.0,5.8,16800.0,61160.0,Bachelor's degree,Business and Financial,5.731434846820918,53.31564986737399,2.030456852791878
      Fundraisers,13-1131,line item,140900.0,148700.0,5.5,10000.0,72550.0,Bachelor's degree,Business and Financial,7.888059984095126,52.91777188328912,1.208605269518975
"      Compensation, benefits, and job analysis specialists",13-1141,line item,118100.0,125200.0,6.0,9000.0,78210.0,Bachelor's degree,Business and Financial,8.959745522020675,53.580901856763916,1.0877447425670776
      Training and development specialists,13-1151,line item,472500.0,523700.00000000006,10.8,46000.0,69280.0,Bachelor's degree,Business and Financial,7.268905971901391,59.94694960212201,5.559584239787285
      Market research analysts and marketing specialists,13-1161,line item,952700.0,1019000.0,7.0,82000.0,78760.0,Bachelor's degree,Business and Financial,9.063884576059378,54.90716180371352,9.910563210055596
"      Business operations specialists, all other",13-1199,line item,1157600.0,1202300.0,3.9,98700.0,83050.0,Bachelor's degree,Business and Financial,9.876169197561254,50.79575596816975,11.928934010152284
      Accountants and auditors,13-2011,line item,1595200.0,1674600.0,5.0,115300.0,83680.0,Bachelor's degree,Business and Financial,9.99545575036922,52.25464190981432,13.935218757553782
      Property appraisers and assessors,13-2020,line item,68400.0,70700.0,3.5,5200.0,67960.0,Bachelor's degree,Business and Financial,7.0189722422085055,50.26525198938992,0.628474740149867
      Budget analysts,13-2031,line item,50400.0,51300.0,1.9,2900.0,91640.0,Bachelor's degree,Business and Financial,11.50263187791116,48.143236074270554,0.3504955281605028
      Credit analysts,13-2041,line item,64700.0,61900.0,-4.3,3100.0,83510.0,Bachelor's degree,Business and Financial,9.963267315484531,39.92042440318302,0.3746676335508823
        Financial and investment analysts,13-2051,line item,377200.0,404300.0,7.2,24700.0,102740.0,Bachelor's degree,Business and Financial,13.60434733214678,55.172413793103445,2.9852550157118687
        Personal financial advisors,13-2052,line item,299400.0,303500.0,1.4,17100.0,105070.0,Bachelor's degree,Business and Financial,14.045518233801642,47.48010610079575,2.0667150108774472
        Insurance underwriters,13-2053,line item,125600.0,120800.0,-3.8,6800.0,81370.0,Bachelor's degree,Business and Financial,9.558071723406671,40.58355437665782,0.8218515832729031
        Financial risk specialists,13-2054,line item,66000.0,70800.0,7.4,4800.0,117330.0,Bachelor's degree,Business and Financial,16.366872420191616,55.43766578249336,0.580130529369108
      Financial examiners,13-2061,line item,70000.0,76500.0,9.3,4500.0,94160.0,Bachelor's degree,Business and Financial,11.97977808914303,57.95755968169761,0.5438723712835388
        Credit counselors,13-2071,line item,31200.0,32299.999999999996,3.3,2000.0,52230.0,Bachelor's degree,Business and Financial,4.040595296701632,49.999999999999986,0.241721053903795
        Loan officers,13-2072,line item,283000.0,286000.0,1.1,17100.0,76690.0,Bachelor's degree,Business and Financial,8.671943045404626,47.08222811671087,2.0667150108774472
"        Tax examiners and collectors, and revenue agents",13-2081,line item,60100.0,59500.0,-1.0,4400.0,62370.0,Bachelor's degree,Business and Financial,5.960540765706063,44.29708222811671,0.5317863185883491
        Tax preparers,13-2082,line item,95800.0,100300.0,4.7,9400.0,54920.0,High school diploma or equivalent,Business and Financial,4.549929942818192,51.856763925729446,1.1360889533478367
"      Financial specialists, all other",13-2099,line item,137800.0,143400.0,4.1,9400.0,81100.0,Bachelor's degree,Business and Financial,9.5069489150604,51.06100795755968,1.1360889533478367
        Computer systems analysts,15-1211,line item,544400.0,587200.0,7.9,32900.0,105850.0,Bachelor's degree,Computer and Mathematical,14.193206346801984,56.10079575596816,3.976311336717428
        Information security analysts,15-1212,line item,192900.0,233400.0,21.0,14100.0,129180.0,Bachelor's degree,Computer and Mathematical,18.610595675389103,73.47480106100795,1.704133430021755
      Computer and information research scientists,15-1221,line item,38600.0,47000.0,21.8,2900.0,140300.0,Master's degree,Computer and Mathematical,20.716098004317036,74.53580901856763,0.3504955281605028
        Computer network support specialists,15-1231,line item,152500.0,154400.0,1.2,9000.0,76220.0,Associate's degree,Computer and Mathematical,8.582951490135192,47.214854111405835,1.0877447425670776
        Computer user support specialists,15-1232,line item,750600.0,724400.0,-3.5,39700.0,61860.0,"Some college, no degree",Computer and Mathematical,5.863975461051994,40.9814323607427,4.7981629199903315
        Computer network architects,15-1241,line item,181800.0,195800.0,7.7,9600.0,134050.0,Bachelor's degree,Computer and Mathematical,19.532699662968152,55.83554376657824,1.160261058738216
        Database administrators,15-1242,line item,75000.0,74900.0,-0.1,3300.0,104620.0,Bachelor's degree,Computer and Mathematical,13.960313553224523,45.490716180371344,0.3988397389412618
        Database architects,15-1243,line item,69500.0,76000.0,9.4,3900.0,139500.0,Bachelor's degree,Computer and Mathematical,20.56462301662438,58.09018567639257,0.47135605511240025
        Network and computer systems administrators,15-1244,line item,323600.0,310400.0,-4.1,13400.0,99130.0,Bachelor's degree,Computer and Mathematical,12.920816450183665,40.18567639257294,1.6195310611554266
        Computer programmers,15-1251,line item,110800.0,102700.0,-7.3,4400.0,100390.0,Bachelor's degree,Computer and Mathematical,13.1593895557996,35.94164456233421,0.5317863185883491
        Software developers,15-1252,line item,1717800.0,1892600.0,10.2,95300.0,135980.0,Bachelor's degree,Computer and Mathematical,19.898133070776687,59.151193633952246,11.518008218515833
        Software quality assurance analysts and testers,15-1253,line item,187600.0,198200.0,5.7,10700.0,104300.0,Bachelor's degree,Computer and Mathematical,13.899723558147462,53.183023872679044,1.2932076383853033
        Web developers,15-1254,line item,87400.0,90600.0,3.8,5300.0,92650.0,Bachelor's degree,Computer and Mathematical,11.69386904987314,50.663129973474796,0.6405607928450568
        Web and digital interface designers,15-1255,line item,132700.0,140800.0,6.0,8300.0,104000.0,Bachelor's degree,Computer and Mathematical,13.842920437762714,53.580901856763916,1.0031423737007492
"      Computer occupations, all other",15-1299,line item,471200.0,495300.0,5.1,27000.0,116580.0,Bachelor's degree,Computer and Mathematical,16.224864619229752,52.38726790450928,3.2632342277012323
      Actuaries,15-2011,line item,31200.0,34100.0,9.2,1500.0,130000.0,Bachelor's degree,Computer and Mathematical,18.765857537774075,57.82493368700264,0.18129079042784627
      Mathematicians,15-2021,line item,2200.0,2200.0,0.6,100.0,126710.0,Master's degree,Computer and Mathematical,18.142916650888022,46.41909814323607,0.012086052695189751
      Operations research analysts,15-2031,line item,113100.0,126600.0,11.9,7500.0,88940.0,Bachelor's degree,Computer and Mathematical,10.991403794448441,61.40583554376657,0.9064539521392313
      Statisticians,15-2041,line item,31300.0,34700.0,11.0,1900.0,105650.0,Master's degree,Computer and Mathematical,14.15533759987882,60.21220159151193,0.22963500120860525
      Data scientists,15-2051,line item,275600.0,371000.0,34.6,24800.0,120230.0,Bachelor's degree,Computer and Mathematical,16.915969250577497,91.51193633952253,2.9973410684070583
"      Mathematical science occupations, all other",15-2099,line item,4000.0,4200.0,7.1,200.0,81490.0,Bachelor's degree,Computer and Mathematical,9.580792971560571,55.03978779840848,0.024172105390379502
"        Architects, except landscape and naval",17-1011,line item,124600.0,129900.0,4.3,6900.0,99280.0,Bachelor's degree,Architecture and Engineering,12.949218010376038,51.32625994694959,0.8339376359680928
        Landscape architects,17-1012,line item,23500.0,24500.0,4.4,1700.0,79870.0,Bachelor's degree,Architecture and Engineering,9.274056121482941,51.45888594164455,0.20546289581822577
        Cartographers and photogrammetrists,17-1021,line item,14700.0,15700.0,7.4,900.0,81390.0,Bachelor's degree,Architecture and Engineering,9.56185859809899,55.43766578249336,0.10877447425670776
        Surveyors,17-1022,line item,52000.0,55000.0,5.8,3100.0,75440.0,Bachelor's degree,Architecture and Engineering,8.43526337713485,53.31564986737399,0.3746676335508823
      Aerospace engineers,17-2011,line item,68700.0,74400.0,8.3,3800.0,134960.0,Bachelor's degree,Architecture and Engineering,19.70500246146855,56.63129973474801,0.4592700024172105
      Agricultural engineers,17-2021,line item,1500.0,1600.0,6.9,100.0,98590.0,Bachelor's degree,Architecture and Engineering,12.818570833491119,54.774535809018566,0.012086052695189751
      Bioengineers and biomedical engineers,17-2031,line item,23800.0,25700.0,7.6,1200.0,109370.0,Bachelor's degree,Architecture and Engineering,14.859696292649677,55.702917771883286,0.145032632342277
      Chemical engineers,17-2041,line item,21900.0,22900.0,4.7,1100.0,125040.0,Bachelor's degree,Architecture and Engineering,17.8267126140796,51.856763925729446,0.13294657964708728
      Civil engineers,17-2051,line item,380600.0,405100.0,6.4,22700.0,100840.0,Bachelor's degree,Architecture and Engineering,13.24459423637672,54.111405835543756,2.7435339618080734
      Computer hardware engineers,17-2061,line item,76100.0,83000.0,9.1,4100.0,161740.0,Bachelor's degree,Architecture and Engineering,24.77562767448025,57.692307692307686,0.49552816050277976
        Electrical engineers,17-2071,line item,199700.0,219500.0,9.9,11400.0,120630.0,Bachelor's degree,Architecture and Engineering,16.991706744423826,58.75331564986737,1.3778100072516315
"        Electronics engineers, except computer",17-2072,line item,98200.0,101800.0,3.7,4900.0,130220.0,Bachelor's degree,Architecture and Engineering,18.807513159389554,50.53050397877984,0.5922165820642978
      Environmental engineers,17-2081,line item,39100.0,41600.0,6.3,2300.0,107110.0,Bachelor's degree,Architecture and Engineering,14.43177945241792,53.9787798408488,0.27797921198936426
"        Health and safety engineers, except mining safety engineers and inspectors",17-2111,line item,22300.0,23500.0,5.4,1200.0,115160.0,Bachelor's degree,Architecture and Engineering,15.955996516075283,52.78514588859415,0.145032632342277
        Industrial engineers,17-2112,line item,365100.0,410600.0,12.4,23100.0,102440.0,Bachelor's degree,Architecture and Engineering,13.547544211762034,62.06896551724137,2.7918781725888326
      Marine engineers and naval architects,17-2121,line item,8400.0,8900.0,6.7,500.0,112230.0,Bachelor's degree,Architecture and Engineering,15.401219373650926,54.50928381962864,0.06043026347594875
      Materials engineers,17-2131,line item,23800.0,25600.0,7.5,1300.0,112860.0,Bachelor's degree,Architecture and Engineering,15.520505926458894,55.57029177718832,0.15711868503746676
      Mechanical engineers,17-2141,line item,298500.0,332000.0,11.2,17800.0,104110.0,Bachelor's degree,Architecture and Engineering,13.863748248570454,60.47745358090184,2.1513173797437757
"      Mining and geological engineers, including mining safety engineers",17-2151,line item,6200.0,6400.0,3.8,300.0,106220.0,Bachelor's degree,Architecture and Engineering,14.263263528609837,50.663129973474796,0.03625815808556925
      Nuclear engineers,17-2161,line item,16600.0,16600.0,0.4,800.0,133970.0,Bachelor's degree,Architecture and Engineering,19.517552164198886,46.153846153846146,0.09668842156151801
      Petroleum engineers,17-2171,line item,18500.0,18800.0,2.0,1000.0,144910.0,Bachelor's degree,Architecture and Engineering,21.588972620895973,48.275862068965516,0.1208605269518975
"      Engineers, all other",17-2199,line item,166700.0,173000.0,3.7,8800.0,122930.0,Bachelor's degree,Architecture and Engineering,17.42719733404022,50.53050397877984,1.0635726371766983
        Architectural and civil drafters,17-3011,line item,104100.0,109500.0,5.2,9100.0,66150.0,Associate's degree,Architecture and Engineering,6.676260082553869,52.51989389920424,1.0998307952622675
        Electrical and electronics drafters,17-3012,line item,18900.0,18200.0,-3.4,1400.0,76870.0,Associate's degree,Architecture and Engineering,8.706024917635476,41.11405835543766,0.1692047377326565
        Mechanical drafters,17-3013,line item,42100.0,39600.0,-6.0,2900.0,71550.0,Associate's degree,Architecture and Engineering,7.698716249479305,37.665782493368695,0.3504955281605028
"        Drafters, all other",17-3019,line item,15200.0,14100.0,-7.3,1000.0,63520.0,Associate's degree,Architecture and Engineering,6.1782860605142575,35.94164456233421,0.1208605269518975
        Aerospace engineering and operations technologists and technicians,17-3021,line item,11600.0,12900.0,11.9,1100.0,82890.0,Associate's degree,Architecture and Engineering,9.84587420002272,61.40583554376657,0.13294657964708728
        Civil engineering technologists and technicians,17-3022,line item,70900.0,73200.0,3.2,6100.0,64950.0,Associate's degree,Architecture and Engineering,6.449047601014882,49.86737400530504,0.7372492144065749
        Electrical and electronic engineering technologists and technicians,17-3023,line item,96900.0,99200.0,2.4,8100.0,78190.0,Associate's degree,Architecture and Engineering,8.95595864732836,48.80636604774536,0.9789702683103698
        Electro-mechanical and mechatronics technologists and technicians,17-3024,line item,15700.0,16200.0,2.6,1400.0,73900.0,Associate's degree,Architecture and Engineering,8.143674025826485,49.07161803713527,0.1692047377326565
        Environmental engineering technologists and technicians,17-3025,line item,12500.0,12900.0,3.1,1100.0,59920.0,Associate's degree,Architecture and Engineering,5.4966486158973,49.734748010610076,0.13294657964708728
        Industrial engineering technologists and technicians,17-3026,line item,76700.0,79000.0,3.1,6600.0,66120.0,Associate's degree,Architecture and Engineering,6.670579770515393,49.734748010610076,0.7976794778825236
        Mechanical engineering technologists and technicians,17-3027,line item,36900.0,37400.0,1.3,3100.0,74510.0,Associate's degree,Architecture and Engineering,8.259173703942137,47.34748010610079,0.3746676335508823
        Calibration technologists and technicians,17-3028,line item,17000.0,17800.0,4.8,1500.0,67820.0,Associate's degree,Architecture and Engineering,6.992464119362291,51.98938992042439,0.18129079042784627
"        Engineering technologists and technicians, except drafters, all other",17-3029,line item,62400.0,64099.99999999999,2.8,5400.0,78350.0,Associate's degree,Architecture and Engineering,8.986253644866892,49.33687002652519,0.6526468455402465
      Surveying and mapping technicians,17-3031,line item,58800.0,62200.0,5.8,6900.0,54240.0,High school diploma or equivalent,Architecture and Engineering,4.421176203279433,53.31564986737399,0.8339376359680928
        Animal scientists,19-1011,line item,3400.0,3600.0,5.8,200.0,68940.0,Bachelor's degree,"Life, Physical, and Social Science",7.204529102132011,53.31564986737399,0.024172105390379502
        Food scientists and technologists,19-1012,line item,14100.0,14900.0,6.2,1000.0,88720.0,Bachelor's degree,"Life, Physical, and Social Science",10.949748172832962,53.84615384615385,0.1208605269518975
        Soil and plant scientists,19-1013,line item,19900.0,21300.0,6.7,1400.0,78850.0,Bachelor's degree,"Life, Physical, and Social Science",9.080925512174803,54.50928381962864,0.1692047377326565
        Biochemists and biophysicists,19-1021,line item,35200.0,39500.0,12.3,2900.0,127410.0,Doctoral or professional degree,"Life, Physical, and Social Science",18.275457265119098,61.93633952254641,0.3504955281605028
        Microbiologists,19-1022,line item,20100.0,21400.0,6.2,1500.0,87990.0,Bachelor's degree,"Life, Physical, and Social Science",10.811527246563411,53.84615384615385,0.18129079042784627
        Zoologists and wildlife biologists,19-1023,line item,19500.0,20200.0,3.6,1400.0,76780.0,Bachelor's degree,"Life, Physical, and Social Science",8.688983981520051,50.397877984084886,0.1692047377326565
"        Biological scientists, all other",19-1029,line item,59600.0,62400.0,4.7,4300.0,98920.0,Bachelor's degree,"Life, Physical, and Social Science",12.88105426591434,51.856763925729446,0.5197002658931593
        Conservation scientists,19-1031,line item,27700.0,29200.0,5.3,2100.0,73010.0,Bachelor's degree,"Life, Physical, and Social Science",7.975158102018404,52.652519893899196,0.25380710659898476
        Foresters,19-1032,line item,13200.0,13500.0,2.2,900.0,76400.0,Bachelor's degree,"Life, Physical, and Social Science",8.617033362366039,48.54111405835543,0.10877447425670776
        Epidemiologists,19-1041,line item,12800.0,15200.0,18.7,800.0,87220.0,Master's degree,"Life, Physical, and Social Science",10.665732570909228,70.42440318302387,0.09668842156151801
"        Medical scientists, except epidemiologists",19-1042,line item,181000.0,203700.0,12.6,10500.0,103410.0,Doctoral or professional degree,"Life, Physical, and Social Science",13.731207634339379,62.3342175066313,1.2690355329949239
"      Life scientists, all other",19-1099,line item,8000.0,8500.0,6.3,400.0,93750.0,Bachelor's degree,"Life, Physical, and Social Science",11.902147157950543,53.9787798408488,0.048344210780759005
        Astronomers,19-2011,line item,2400.0,2600.0,7.8,100.0,128820.0,Doctoral or professional degree,"Life, Physical, and Social Science",18.542431930927407,55.9681697612732,0.012086052695189751
        Physicists,19-2012,line item,23200.0,24800.0,7.2,1300.0,172250.0,Doctoral or professional degree,"Life, Physical, and Social Science",26.765630325292538,55.172413793103445,0.15711868503746676
      Atmospheric and space scientists,19-2021,line item,10700.0,10900.0,2.6,800.0,99070.0,Bachelor's degree,"Life, Physical, and Social Science",12.909455826106713,49.07161803713527,0.09668842156151801
        Chemists,19-2031,line item,84900.0,90300.0,6.4,5900.0,91240.0,Bachelor's degree,"Life, Physical, and Social Science",11.42689438406483,54.111405835543756,0.7130771090161953
        Materials scientists,19-2032,line item,8600.0,9300.0,8.3,600.0,117790.0,Bachelor's degree,"Life, Physical, and Social Science",16.45397053811489,56.63129973474801,0.0725163161711385
"        Environmental scientists and specialists, including health",19-2041,line item,93400.0,99200.0,6.1,7300.0,82220.0,Bachelor's degree,"Life, Physical, and Social Science",9.719013897830122,53.713527851458885,0.8822818467488518
"        Geoscientists, except hydrologists and geographers",19-2042,line item,25400.0,26700.0,5.1,1800.0,101920.0,Bachelor's degree,"Life, Physical, and Social Science",13.449085469761807,52.38726790450928,0.21754894851341552
        Hydrologists,19-2043,line item,6300.0,6400.0,1.5,400.0,96600.0,Bachelor's degree,"Life, Physical, and Social Science",12.441776801605634,47.61273209549071,0.048344210780759005
"      Physical scientists, all other",19-2099,line item,26600.0,27100.0,2.1,1400.0,122570.0,Bachelor's degree,"Life, Physical, and Social Science",17.35903358957852,48.40848806366048,0.1692047377326565
      Economists,19-3011,line item,18600.0,19500.0,4.7,1100.0,124720.0,Master's degree,"Life, Physical, and Social Science",17.766122619002537,51.856763925729446,0.13294657964708728
      Survey researchers,19-3022,line item,9800.0,9300.0,-4.8,600.0,69460.0,Master's degree,"Life, Physical, and Social Science",7.302987844132238,39.25729442970822,0.0725163161711385
        Industrial-organizational psychologists,19-3032,line item,4000.0,4300.0,6.5,300.0,193950.0,Master's degree,"Life, Physical, and Social Science",30.874389366455862,54.244031830238725,0.03625815808556925
        Clinical and counseling psychologists,19-3033,line item,81300.0,90900.0,11.7,4100.0,100580.0,Doctoral or professional degree,"Life, Physical, and Social Science",13.195364865376606,61.14058355437665,0.49552816050277976
        School psychologists,19-3034,line item,64000.0,64500.0,0.8,3400.0,95990.0,Master's degree,"Life, Physical, and Social Science",12.326277123489984,46.68435013262599,0.41092579163645154
"        Psychologists, all other",19-3039,line item,60000.0,61400.0,2.3,3500.0,110840.0,Master's degree,"Life, Physical, and Social Science",15.138031582534934,48.67374005305039,0.4230118443316413
      Sociologists,19-3041,line item,2700.0,2800.0,3.8,200.0,106030.0,Master's degree,"Life, Physical, and Social Science",14.227288219032832,50.663129973474796,0.024172105390379502
      Urban and regional planners,19-3051,line item,45800.0,47600.0,3.9,3200.0,89320.0,Master's degree,"Life, Physical, and Social Science",11.063354413602454,50.79575596816975,0.38675368624607204
        Anthropologists and archeologists,19-3091,line item,10200.0,10800.0,6.0,800.0,70770.0,Master's degree,"Life, Physical, and Social Science",7.551028136478964,53.580901856763916,0.09668842156151801
        Geographers,19-3092,line item,1500.0,1500.0,-2.1,100.0,102040.0,Bachelor's degree,"Life, Physical, and Social Science",13.471806717915705,42.83819628647214,0.012086052695189751
        Historians,19-3093,line item,3800.0,3900.0,3.0,300.0,76750.0,Master's degree,"Life, Physical, and Social Science",8.683303669481576,49.602122015915114,0.03625815808556925
        Political scientists,19-3094,line item,6100.0,6000.0,-2.0,400.0,142080.0,Master's degree,"Life, Physical, and Social Science",21.0531298519332,42.9708222811671,0.048344210780759005
"        Social scientists and related workers, all other",19-3099,line item,41500.0,41400.0,-0.2,2700.0,101110.0,Bachelor's degree,"Life, Physical, and Social Science",13.295717044722991,45.35809018567638,0.3263234227701233
        Agricultural technicians,19-4012,line item,19500.0,20600.0,5.4,2800.0,49630.0,Associate's degree,"Life, Physical, and Social Science",3.548301586700496,52.78514588859415,0.338409475465313
        Food science technicians,19-4013,line item,20800.0,21800.0,4.8,3000.0,52130.0,Associate's degree,"Life, Physical, and Social Science",4.02166092324005,51.98938992042439,0.36258158085569253
      Biological technicians,19-4021,line item,74400.0,79900.0,7.4,9400.0,57510.0,Bachelor's degree,"Life, Physical, and Social Science",5.04033021547317,55.43766578249336,1.1360889533478367
      Chemical technicians,19-4031,line item,60000.0,63000.0,4.9,7600.0,60390.0,Associate's degree,"Life, Physical, and Social Science",5.5856401711667365,52.122015915119356,0.918540004834421
"        Environmental science and protection technicians, including health",19-4042,line item,36400.0,38900.0,6.9,5300.0,55090.0,Associate's degree,"Life, Physical, and Social Science",4.582118377702882,54.774535809018566,0.6405607928450568
"        Geological technicians, except hydrologic technicians",19-4043,line item,7300.0,7600.0,3.6,1000.0,53350.0,Associate's degree,"Life, Physical, and Social Science",4.252660279471352,50.397877984084886,0.1208605269518975
        Hydrologic technicians,19-4044,line item,3000.0,3000.0,-1.3,400.0,64790.0,Associate's degree,"Life, Physical, and Social Science",6.41875260347635,43.89920424403183,0.048344210780759005
      Nuclear technicians,19-4051,line item,6700.0,6800.0,1.1,900.0,110240.0,Associate's degree,"Life, Physical, and Social Science",15.02442534176544,47.08222811671087,0.10877447425670776
      Social science research assistants,19-4061,line item,38400.0,40400.0,5.0,4900.0,61990.0,Bachelor's degree,"Life, Physical, and Social Science",5.888590146552051,52.25464190981432,0.5922165820642978
      Forest and conservation technicians,19-4071,line item,32800.0,32200.000000000004,-2.1,3800.0,54560.0,Associate's degree,"Life, Physical, and Social Science",4.481766198356497,42.83819628647214,0.4592700024172105
        Forensic science technicians,19-4092,line item,20100.0,22800.0,13.3,2800.0,72060.0,Bachelor's degree,"Life, Physical, and Social Science",7.795281554133374,63.26259946949602,0.338409475465313
"        Life, physical, and social science technicians, all other",19-4099,line item,89500.0,93400.0,4.4,11200.0,62280.0,Associate's degree,"Life, Physical, and Social Science",5.943499829590639,51.45888594164455,1.353637901861252
      Occupational health and safety specialists,19-5011,line item,143100.0,169600.0,18.5,17100.0,90150.0,Bachelor's degree,"Life, Physical, and Social Science",11.220509713333586,70.15915119363395,2.0667150108774472
      Occupational health and safety technicians,19-5012,line item,31200.0,37200.0,19.4,3800.0,61560.0,High school diploma or equivalent,"Life, Physical, and Social Science",5.807172340667247,71.35278514588859,0.4592700024172105
"        Educational, guidance, and career counselors and advisors",21-1012,line item,389500.0,400900.0,2.9,27800.0,64330.0,Master's degree,Community and Social Service,6.331654485553074,49.46949602122015,3.359922649262751
        Marriage and family therapists,21-1013,line item,76300.0,86600.0,13.5,6900.0,66940.0,Master's degree,Community and Social Service,6.825841632900367,63.527851458885934,0.8339376359680928
        Rehabilitation counselors,21-1015,line item,96900.0,99000.0,2.2,8200.0,46850.0,Master's degree,Community and Social Service,3.0219260044685123,48.54111405835543,0.9910563210055595
"        Substance abuse, behavioral disorder, and mental health counselors",21-1018,line item,533400.0,631400.0,18.4,50500.0,59350.0,Master's degree,Community and Social Service,5.388722687166282,70.02652519893898,6.103456611070824
"        Counselors, all other",21-1019,line item,49800.0,52700.0,5.9,4300.0,50860.0,Master's degree,Community and Social Service,3.7811943802779564,53.44827586206896,0.5197002658931593
"        Child, family, and school social workers",21-1021,line item,405100.0,422900.0,4.4,33900.0,59550.0,Bachelor's degree,Community and Social Service,5.426591434089445,51.45888594164455,4.097171863669326
        Healthcare social workers,21-1022,line item,194800.0,211300.0,8.5,16900.0,67880.0,Master's degree,Community and Social Service,7.00382474343924,56.89655172413792,2.042542905487068
        Mental health and substance abuse social workers,21-1023,line item,138900.0,153200.0,10.3,12500.0,60280.0,Master's degree,Community and Social Service,5.564812360358996,59.283819628647215,1.510756586898719
"        Social workers, all other",21-1029,line item,77400.0,79200.0,2.3,5800.0,71900.0,Bachelor's degree,Community and Social Service,7.764986556594843,48.67374005305039,0.7009910563210056
        Health education specialists,21-1091,line item,70400.0,74400.0,5.6,6900.0,64070.0,Bachelor's degree,Community and Social Service,6.28242511455296,53.05039787798408,0.8339376359680928
        Probation officers and correctional treatment specialists,21-1092,line item,93700.0,96500.0,3.0,7900.0,66270.0,Bachelor's degree,Community and Social Service,6.698981330707767,49.602122015915114,0.9547981629199903
        Social and human service assistants,21-1093,line item,463400.0,497600.0,7.4,48900.0,45930.0,High school diploma or equivalent,Community and Social Service,2.847729768621956,55.43766578249336,5.910079767947788
        Community health workers,21-1094,line item,64700.0,72900.0,12.7,7000.0,51850.0,High school diploma or equivalent,Community and Social Service,3.9686446775476196,62.46684350132625,0.8460236886632826
"        Community and social service specialists, all other",21-1099,line item,118600.0,125200.0,5.5,11600.0,56730.0,Bachelor's degree,Community and Social Service,4.89264210247283,52.91777188328912,1.4019821126420111
      Clergy,21-2011,line item,242000.0,247800.0,2.4,19200.0,60810.0,Bachelor's degree,Community and Social Service,5.665164539705382,48.80636604774536,2.320522117476432
"      Directors, religious activities and education",21-2021,line item,141900.0,146600.0,3.3,13000.0,52100.0,Bachelor's degree,Community and Social Service,4.0159806112015755,49.999999999999986,1.5711868503746678
"      Religious workers, all other",21-2099,line item,113300.0,115000.0,1.5,12100.0,45280.0,Bachelor's degree,Community and Social Service,2.724656341121672,47.61273209549071,1.46241237611796
        Lawyers,23-1011,line item,863700.0,904300.0,4.7,28700.0,159670.0,Doctoral or professional degree,Legal,24.3836861438255,51.856763925729446,3.4686971235194584
        Judicial law clerks,23-1012,line item,14000.0,14400.0,2.8,1500.0,64920.0,Doctoral or professional degree,Legal,6.4433672889764075,49.33687002652519,0.18129079042784627
"        Administrative law judges, adjudicators, and hearing officers",23-1021,line item,17400.0,17400.0,0.0,500.0,117860.0,Doctoral or professional degree,Legal,16.467224599538003,45.623342175066306,0.06043026347594875
"        Arbitrators, mediators, and conciliators",23-1022,line item,10500.0,11000.0,4.7,300.0,75530.0,Bachelor's degree,Legal,8.452304313250275,51.856763925729446,0.03625815808556925
"        Judges, magistrate judges, and magistrates",23-1023,line item,25300.0,26000.0,2.8,800.0,153990.0,Doctoral or professional degree,Legal,23.308213731207633,49.33687002652519,0.09668842156151801
      Paralegals and legal assistants,23-2011,line item,404900.0,403800.0,-0.3,40800.0,62890.0,Associate's degree,Legal,6.0589995077062895,45.22546419098143,4.931109499637419
"        Title examiners, abstractors, and searchers",23-2093,line item,59800.0,61100.0,2.1,5300.0,58650.0,High school diploma or equivalent,Legal,5.256182072935207,48.40848806366048,0.6405607928450568
"        Legal support workers, all other",23-2099,line item,50200.0,50000.0,-0.3,4700.0,72110.0,Associate's degree,Legal,7.804748740864165,45.22546419098143,0.5680444766739183
"      Business teachers, postsecondary",25-1011,line item,103600.0,109700.0,5.9,7600.0,99080.0,Doctoral or professional degree,Educational Instruction and Library,12.911349263452873,53.44827586206896,0.918540004834421
"        Computer science teachers, postsecondary",25-1021,line item,43900.0,46100.0,4.9,3200.0,96980.0,Doctoral or professional degree,Educational Instruction and Library,12.513727420759647,52.122015915119356,0.38675368624607204
"        Mathematical science teachers, postsecondary",25-1022,line item,57100.0,58100.0,1.7,3900.0,79940.0,Doctoral or professional degree,Educational Instruction and Library,9.287310182906047,47.87798408488064,0.47135605511240025
"        Architecture teachers, postsecondary",25-1031,line item,9700.0,10000.0,2.6,700.0,96870.0,Doctoral or professional degree,Educational Instruction and Library,12.492899609951905,49.07161803713527,0.08460236886632826
"        Engineering teachers, postsecondary",25-1032,line item,50900.0,54900.0,7.8,3900.0,109270.0,Doctoral or professional degree,Educational Instruction and Library,14.840761919188095,55.9681697612732,0.47135605511240025
"        Agricultural sciences teachers, postsecondary",25-1041,line item,10900.0,11200.0,2.9,800.0,98700.0,Doctoral or professional degree,Educational Instruction and Library,12.83939864429886,49.46949602122015,0.09668842156151801
"        Biological science teachers, postsecondary",25-1042,line item,62000.0,66500.0,7.3,4700.0,84620.0,Doctoral or professional degree,Educational Instruction and Library,10.173438860908092,55.30503978779839,0.5680444766739183
"        Forestry and conservation science teachers, postsecondary",25-1043,line item,1800.0,1900.0,2.8,100.0,101420.0,Doctoral or professional degree,Educational Instruction and Library,13.354413602453894,49.33687002652519,0.012086052695189751
"        Atmospheric, earth, marine, and space sciences teachers, postsecondary",25-1051,line item,12000.0,12300.0,2.4,800.0,103170.0,Doctoral or professional degree,Educational Instruction and Library,13.685765138031583,48.80636604774536,0.09668842156151801
"        Chemistry teachers, postsecondary",25-1052,line item,24900.0,25400.0,2.3,1700.0,93250.0,Doctoral or professional degree,Educational Instruction and Library,11.807475290642632,48.67374005305039,0.20546289581822577
"        Environmental science teachers, postsecondary",25-1053,line item,8400.0,8700.0,2.7,600.0,94980.0,Doctoral or professional degree,Educational Instruction and Library,12.135039951528004,49.204244031830235,0.0725163161711385
"        Physics teachers, postsecondary",25-1054,line item,16400.0,16800.0,2.4,1100.0,100310.0,Doctoral or professional degree,Educational Instruction and Library,13.144242057030334,48.80636604774536,0.13294657964708728
"        Anthropology and archeology teachers, postsecondary",25-1061,line item,6500.0,6700.0,2.6,400.0,99650.0,Doctoral or professional degree,Educational Instruction and Library,13.01927519218389,49.07161803713527,0.048344210780759005
"        Area, ethnic, and cultural studies teachers, postsecondary",25-1062,line item,14300.0,14700.0,2.7,1000.0,85020.0,Doctoral or professional degree,Educational Instruction and Library,10.249176354754422,49.204244031830235,0.1208605269518975
"        Economics teachers, postsecondary",25-1063,line item,14600.0,15000.0,2.4,1000.0,123920.0,Doctoral or professional degree,Educational Instruction and Library,17.61464763130988,48.80636604774536,0.1208605269518975
"        Geography teachers, postsecondary",25-1064,line item,4100.0,4200.0,2.7,300.0,97590.0,Doctoral or professional degree,Educational Instruction and Library,12.629227098875297,49.204244031830235,0.03625815808556925
"        Political science teachers, postsecondary",25-1065,line item,21500.0,22000.0,2.5,1500.0,98070.0,Doctoral or professional degree,Educational Instruction and Library,12.720112091490893,48.93899204244031,0.18129079042784627
"        Psychology teachers, postsecondary",25-1066,line item,52300.0,54400.0,4.0,3700.0,80340.0,Doctoral or professional degree,Educational Instruction and Library,9.363047676752375,50.92838196286471,0.4471839497220208
"        Sociology teachers, postsecondary",25-1067,line item,14600.0,15000.0,2.2,1000.0,84290.0,Doctoral or professional degree,Educational Instruction and Library,10.110955428484871,48.54111405835543,0.1208605269518975
"        Social sciences teachers, postsecondary, all other",25-1069,line item,19600.0,19900.0,1.6,1300.0,72990.0,Doctoral or professional degree,Educational Instruction and Library,7.971371227326088,47.745358090185675,0.15711868503746676
"        Health specialties teachers, postsecondary",25-1071,line item,278400.0,328300.0,17.9,24900.0,107310.0,Doctoral or professional degree,Educational Instruction and Library,14.469648199341083,69.36339522546419,3.009427121102248
"        Nursing instructors and teachers, postsecondary",25-1072,line item,96100.0,112600.0,17.1,8500.0,80250.0,Doctoral or professional degree,Educational Instruction and Library,9.346006740636954,68.3023872679045,1.0273144790911288
"        Education teachers, postsecondary",25-1081,line item,77200.0,79200.0,2.5,5300.0,75350.0,Doctoral or professional degree,Educational Instruction and Library,8.418222441019427,48.93899204244031,0.6405607928450568
"        Library science teachers, postsecondary",25-1082,line item,4500.0,4600.0,2.7,300.0,80340.0,Doctoral or professional degree,Educational Instruction and Library,9.363047676752375,49.204244031830235,0.03625815808556925
"        Criminal justice and law enforcement teachers, postsecondary",25-1111,line item,15700.0,15900.0,1.5,1100.0,76590.0,Doctoral or professional degree,Educational Instruction and Library,8.653008671943045,47.61273209549071,0.13294657964708728
"        Law teachers, postsecondary",25-1112,line item,25800.0,26500.0,2.6,1800.0,128500.0,Doctoral or professional degree,Educational Instruction and Library,18.481841935850344,49.07161803713527,0.21754894851341552
"        Social work teachers, postsecondary",25-1113,line item,16000.0,16400.0,2.6,1100.0,77570.0,Doctoral or professional degree,Educational Instruction and Library,8.83856553186655,49.07161803713527,0.13294657964708728
"        Art, drama, and music teachers, postsecondary",25-1121,line item,116900.0,119500.0,2.2,8000.0,78620.0,Master's degree,Educational Instruction and Library,9.037376453213163,48.54111405835543,0.96688421561518
"        Communications teachers, postsecondary",25-1122,line item,35800.0,36500.0,2.1,2400.0,78580.0,Doctoral or professional degree,Educational Instruction and Library,9.029802703828532,48.40848806366048,0.290065264684554
"        English language and literature teachers, postsecondary",25-1123,line item,69300.0,69300.0,0.0,4500.0,78760.0,Doctoral or professional degree,Educational Instruction and Library,9.063884576059378,45.623342175066306,0.5438723712835388
"        Foreign language and literature teachers, postsecondary",25-1124,line item,24600.0,24700.0,0.2,1600.0,79350.0,Doctoral or professional degree,Educational Instruction and Library,9.175597379482712,45.88859416445623,0.19337684312303602
"        History teachers, postsecondary",25-1125,line item,23200.0,23200.0,0.0,1500.0,83820.0,Doctoral or professional degree,Educational Instruction and Library,10.021963873215435,45.623342175066306,0.18129079042784627
"        Philosophy and religion teachers, postsecondary",25-1126,line item,26800.0,27300.0,2.0,1800.0,80260.0,Doctoral or professional degree,Educational Instruction and Library,9.34790017798311,48.275862068965516,0.21754894851341552
"        Family and consumer sciences teachers, postsecondary",25-1192,line item,3400.0,3500.0,2.4,200.0,75870.0,Doctoral or professional degree,Educational Instruction and Library,8.516681183019655,48.80636604774536,0.024172105390379502
"        Recreation and fitness studies teachers, postsecondary",25-1193,line item,15200.0,15600.0,2.2,1000.0,77270.0,Doctoral or professional degree,Educational Instruction and Library,8.781762411481804,48.54111405835543,0.1208605269518975
"        Career/technical education teachers, postsecondary",25-1194,line item,123100.0,122700.0,-0.3,8000.0,63820.0,Bachelor's degree,Educational Instruction and Library,6.235089180899004,45.22546419098143,0.96688421561518
"        Postsecondary teachers, all other",25-1199,line item,183200.0,186800.0,2.0,12500.0,77640.0,Doctoral or professional degree,Educational Instruction and Library,8.851819593289658,48.275862068965516,1.510756586898719
"        Preschool teachers, except special education",25-2011,line item,583200.0,609400.0,4.5,66700.0,38140.0,Associate's degree,Educational Instruction and Library,1.3727420759647062,51.591511936339515,8.061397147691563
"        Kindergarten teachers, except special education",25-2012,line item,111200.0,110900.0,-0.3,11900.0,62680.0,Bachelor's degree,Educational Instruction and Library,6.019237323436967,45.22546419098143,1.4382402707275803
"        Elementary school teachers, except special education",25-2021,line item,1419300.0,1413400.0,-0.4,87500.0,63970.0,Bachelor's degree,Educational Instruction and Library,6.263490741091378,45.092838196286465,10.575296108291033
"        Middle school teachers, except special and career/technical education",25-2022,line item,630100.0,627400.0,-0.4,38800.0,64370.0,Bachelor's degree,Educational Instruction and Library,6.339228234937706,45.092838196286465,4.6893884457336235
"        Career/technical education teachers, middle school",25-2023,line item,16600.0,16600.0,-0.5,1000.0,65030.0,Bachelor's degree,Educational Instruction and Library,6.464195099784148,44.9602122015915,0.1208605269518975
"        Secondary school teachers, except special and career/technical education",25-2031,line item,1087500.0,1085000.0,-0.2,63500.0,72040.0,Bachelor's degree,Educational Instruction and Library,7.791494679441058,45.35809018567638,7.674643461445492
"        Career/technical education teachers, secondary school",25-2032,line item,110500.0,110100.0,-0.4,6400.0,66270.0,Bachelor's degree,Educational Instruction and Library,6.698981330707767,45.092838196286465,0.7735073724921441
"        Special education teachers, preschool",25-2051,line item,30500.0,31300.0,2.4,2000.0,64830.0,Bachelor's degree,Educational Instruction and Library,6.4263263528609835,48.80636604774536,0.241721053903795
"        Special education teachers, kindergarten and elementary school",25-2052,line item,259100.00000000003,258100.00000000003,-0.4,16400.0,65120.0,Bachelor's degree,Educational Instruction and Library,6.481236035899572,45.092838196286465,1.982112642011119
"        Special education teachers, middle school",25-2057,line item,94800.0,94400.0,-0.4,6000.0,66810.0,Bachelor's degree,Educational Instruction and Library,6.80122694740031,45.092838196286465,0.7251631617113851
"        Special education teachers, secondary school",25-2058,line item,164800.0,164500.0,-0.2,10400.0,74260.0,Bachelor's degree,Educational Instruction and Library,8.21183777028818,45.35809018567638,1.256949480299734
"        Special education teachers, all other",25-2059,line item,34800.0,35500.0,1.9,2300.0,76580.0,Bachelor's degree,Educational Instruction and Library,8.651115234596887,48.143236074270554,0.27797921198936426
"      Adult basic education, adult secondary education, and english as a second language instructors",25-3011,line item,41100.0,35400.0,-13.9,3800.0,61540.0,Bachelor's degree,Educational Instruction and Library,5.80338546597493,27.18832891246684,0.4592700024172105
      Self-enrichment teachers,25-3021,line item,419100.0,433700.0,3.5,50000.0,46800.0,High school diploma or equivalent,Educational Instruction and Library,3.012458817737721,50.26525198938992,6.043026347594876
"      Substitute teachers, short-term",25-3031,line item,556100.0,567000.0,2.0,65000.0,41670.0,Bachelor's degree,Educational Instruction and Library,2.0411254591585566,48.275862068965516,7.855934251873338
      Tutors,25-3041,line item,208400.0,208000.0,-0.2,34200.0,43350.0,"Some college, no degree",Educational Instruction and Library,2.3592229333131365,45.35809018567638,4.1334300217548945
"      Teachers and instructors, all other",25-3099,line item,138600.0,138300.0,-0.2,15700.0,66140.0,Bachelor's degree,Educational Instruction and Library,6.67436664520771,45.35809018567638,1.897510273144791
        Archivists,25-4011,line item,10300.0,10600.0,3.4,1100.0,64550.0,Master's degree,Educational Instruction and Library,6.373310107168553,50.132625994694955,0.13294657964708728
        Curators,25-4012,line item,14200.0,14900.0,4.9,1600.0,63420.0,Master's degree,Educational Instruction and Library,6.159351687052675,52.122015915119356,0.19337684312303602
        Museum technicians and conservators,25-4013,line item,14000.0,14500.0,3.6,1600.0,51440.0,Bachelor's degree,Educational Instruction and Library,3.8910137463551333,50.397877984084886,0.19337684312303602
      Librarians and media collections specialists,25-4022,line item,142300.0,145900.0,2.6,12600.0,68270.0,Master's degree,Educational Instruction and Library,7.07766879993941,49.07161803713527,1.5228426395939088
      Library technicians,25-4031,line item,72800.0,68100.0,-6.4,10800.0,44580.0,Postsecondary nondegree award,Educational Instruction and Library,2.592115726890597,37.135278514588855,1.305293691080493
      Farm and home management educators,25-9021,line item,9700.0,9400.0,-3.2,800.0,60220.0,Master's degree,Educational Instruction and Library,5.553451736282047,41.37931034482758,0.09668842156151801
      Instructional coordinators,25-9031,line item,248700.0,252800.0,1.6,23100.0,77440.0,Master's degree,Educational Instruction and Library,8.813950846366494,47.745358090185675,2.7918781725888326
"        Teaching assistants, postsecondary",25-9044,line item,205500.0,211000.0,2.7,25700.0,42910.0,Bachelor's degree,Educational Instruction and Library,2.275911690082175,49.204244031830235,3.106115542663766
"        Teaching assistants, except postsecondary",25-9045,line item,1463000.0,1458000.0,-0.3,176200.0,36780.0,"Some college, no degree",Educational Instruction and Library,1.115234596887189,45.22546419098143,21.29562484892434
"      Educational instruction and library workers, all other",25-9099,line item,136800.0,139300.0,1.8,12700.0,50890.0,Bachelor's degree,Educational Instruction and Library,3.786874692316431,48.010610079575585,1.5349286922890983
        Art directors,27-1011,line item,140200.0,146000.0,4.2,12200.0,114850.0,Bachelor's degree,"Arts, Design, Entertainment, Sports, and Media",15.89729995834438,51.193633952254636,1.4744984288131497
        Craft artists,27-1012,line item,11500.0,11800.0,2.0,1000.0,46080.0,No formal educational credential,"Arts, Design, Entertainment, Sports, and Media",2.8761313288143295,48.275862068965516,0.1208605269518975
"        Fine artists, including painters, sculptors, and illustrators",27-1013,line item,28900.0,28000.0,-2.9,2200.0,55490.0,Bachelor's degree,"Arts, Design, Entertainment, Sports, and Media",4.65785587154921,41.77718832891246,0.26589315929417456
        Special effects artists and animators,27-1014,line item,51900.0,51800.0,-0.3,4200.0,102030.0,Bachelor's degree,"Arts, Design, Entertainment, Sports, and Media",13.469913280569546,45.22546419098143,0.5076142131979695
"        Artists and related workers, all other",27-1019,line item,13000.0,13200.0,2.0,1100.0,71240.0,No formal educational credential,"Arts, Design, Entertainment, Sports, and Media",7.6400196917484,48.275862068965516,0.13294657964708728
        Commercial and industrial designers,27-1021,line item,35400.0,36300.0,2.4,2800.0,83910.0,Bachelor's degree,"Arts, Design, Entertainment, Sports, and Media",10.039004809330859,48.80636604774536,0.338409475465313
        Fashion designers,27-1022,line item,32700.000000000004,32800.0,0.1,2500.0,80960.0,Bachelor's degree,"Arts, Design, Entertainment, Sports, and Media",9.480440792214186,45.75596816976127,0.30215131737974377
        Floral designers,27-1023,line item,45200.0,42700.0,-5.6,5200.0,37360.0,High school diploma or equivalent,"Arts, Design, Entertainment, Sports, and Media",1.2250539629643655,38.196286472148536,0.628474740149867
        Graphic designers,27-1024,line item,253100.0,248800.0,-1.7,16000.0,62960.0,Bachelor's degree,"Arts, Design, Entertainment, Sports, and Media",6.072253569129398,43.36870026525198,1.93376843123036
        Interior designers,27-1025,line item,97100.0,99700.0,2.7,7700.0,67190.0,Bachelor's degree,"Arts, Design, Entertainment, Sports, and Media",6.873177566554323,49.204244031830235,0.9306260575296108
        Merchandise displayers and window trimmers,27-1026,line item,164800.0,169200.0,2.7,17200.0,39390.0,High school diploma or equivalent,"Arts, Design, Entertainment, Sports, and Media",1.6094217442344831,49.204244031830235,2.0788010635726373
        Set and exhibit designers,27-1027,line item,31600.0,32000.0,1.4,2200.0,75240.0,Bachelor's degree,"Arts, Design, Entertainment, Sports, and Media",8.397394630211688,47.48010610079575,0.26589315929417456
"        Designers, all other",27-1029,line item,29500.0,29900.0,1.2,2100.0,64950.0,Bachelor's degree,"Arts, Design, Entertainment, Sports, and Media",6.449047601014882,47.214854111405835,0.25380710659898476
        Actors,27-2011,line item,67500.0,67500.0,0.0,6300.0,,"Some college, no degree","Arts, Design, Entertainment, Sports, and Media",,45.623342175066306,0.7614213197969544
        Producers and directors,27-2012,line item,181000.0,188300.0,4.0,12100.0,90360.0,Bachelor's degree,"Arts, Design, Entertainment, Sports, and Media",11.260271897602909,50.92838196286471,1.46241237611796
        Athletes and sports competitors,27-2021,line item,22900.0,24100.0,5.5,2200.0,66710.0,No formal educational credential,"Arts, Design, Entertainment, Sports, and Media",6.782292573938728,52.91777188328912,0.26589315929417456
        Coaches and scouts,27-2022,line item,298800.0,316900.0,6.1,36400.0,47320.0,Bachelor's degree,"Arts, Design, Entertainment, Sports, and Media",3.110917559737948,53.713527851458885,4.39932318104907
"        Umpires, referees, and other sports officials",27-2023,line item,18200.0,19200.0,5.2,4300.0,40710.0,High school diploma or equivalent,"Arts, Design, Entertainment, Sports, and Media",1.8593554739273679,52.51989389920424,0.5197002658931593
        Dancers,27-2031,line item,13800.0,14100.0,2.2,1600.0,,No formal educational credential,"Arts, Design, Entertainment, Sports, and Media",,48.54111405835543,0.19337684312303602
        Choreographers,27-2032,line item,4700.0,4900.0,3.1,600.0,55310.0,High school diploma or equivalent,"Arts, Design, Entertainment, Sports, and Media",4.623773999318362,49.734748010610076,0.0725163161711385
        Music directors and composers,27-2041,line item,51100.0,51700.0,1.2,4200.0,73710.0,Bachelor's degree,"Arts, Design, Entertainment, Sports, and Media",8.10769871624948,47.214854111405835,0.5076142131979695
        Musicians and singers,27-2042,line item,170400.0,170900.0,0.3,17400.0,,No formal educational credential,"Arts, Design, Entertainment, Sports, and Media",,46.021220159151184,2.102973168963017
"        Disc jockeys, except radio",27-2091,line item,16900.0,17600.0,3.8,1700.0,,High school diploma or equivalent,"Arts, Design, Entertainment, Sports, and Media",,50.663129973474796,0.20546289581822577
"        Entertainers and performers, sports and related workers, all other",27-2099,line item,43700.0,45800.0,4.7,4500.0,,No formal educational credential,"Arts, Design, Entertainment, Sports, and Media",,51.856763925729446,0.5438723712835388
      Broadcast announcers and radio disc jockeys,27-3011,line item,21800.0,20200.0,-7.6,2000.0,47340.0,Bachelor's degree,"Arts, Design, Entertainment, Sports, and Media",3.114704434430265,35.54376657824933,0.241721053903795
"      News analysts, reporters, and journalists",27-3023,line item,47100.0,44300.0,-5.9,3400.0,62200.0,Bachelor's degree,"Arts, Design, Entertainment, Sports, and Media",5.928352330821373,37.79840848806366,0.41092579163645154
      Public relations specialists,27-3031,line item,314500.0,320200.0,1.8,23000.0,74750.0,Bachelor's degree,"Arts, Design, Entertainment, Sports, and Media",8.304616200249933,48.010610079575585,2.7797921198936426
        Editors,27-3041,line item,105000.0,103800.0,-1.1,7900.0,77920.0,Bachelor's degree,"Arts, Design, Entertainment, Sports, and Media",8.904835838982088,44.164456233421745,0.9547981629199903
        Technical writers,27-3042,line item,46400.0,46700.0,0.8,3200.0,90390.0,Bachelor's degree,"Arts, Design, Entertainment, Sports, and Media",11.265952209641384,46.68435013262599,0.38675368624607204
        Writers and authors,27-3043,line item,140300.0,139900.0,-0.3,11900.0,76910.0,Bachelor's degree,"Arts, Design, Entertainment, Sports, and Media",8.71359866702011,45.22546419098143,1.4382402707275803
        Interpreters and translators,27-3091,line item,73900.0,75400.0,2.0,6000.0,60170.0,Bachelor's degree,"Arts, Design, Entertainment, Sports, and Media",5.543984549551255,48.275862068965516,0.7251631617113851
        Court reporters and simultaneous captioners,27-3092,line item,19900.0,19900.0,-0.1,1800.0,72420.0,Postsecondary nondegree award,"Arts, Design, Entertainment, Sports, and Media",7.863445298595069,45.490716180371344,0.21754894851341552
"        Media and communication workers, all other",27-3099,line item,25500.0,26500.0,3.9,2000.0,73620.0,High school diploma or equivalent,"Arts, Design, Entertainment, Sports, and Media",8.090657780134055,50.79575596816975,0.241721053903795
        Audio and video technicians,27-4011,line item,87600.0,91100.0,3.9,6600.0,58100.0,Postsecondary nondegree award,"Arts, Design, Entertainment, Sports, and Media",5.152043018896505,50.79575596816975,0.7976794778825236
        Broadcast technicians,27-4012,line item,24100.0,23300.0,-3.1,1600.0,59570.0,Associate's degree,"Arts, Design, Entertainment, Sports, and Media",5.430378308781762,41.511936339522535,0.19337684312303602
        Sound engineering technicians,27-4014,line item,15000.0,14600.0,-3.1,1000.0,73130.0,Postsecondary nondegree award,"Arts, Design, Entertainment, Sports, and Media",7.997879350172303,41.511936339522535,0.1208605269518975
        Lighting technicians,27-4015,line item,9900.0,9400.0,-4.8,600.0,68060.0,Postsecondary nondegree award,"Arts, Design, Entertainment, Sports, and Media",7.037906615670088,39.25729442970822,0.0725163161711385
      Photographers,27-4021,line item,145000.0,144000.0,-0.7,10700.0,44660.0,High school diploma or equivalent,"Arts, Design, Entertainment, Sports, and Media",2.607263225659863,44.694960212201586,1.2932076383853033
"        Camera operators, television, video, and film",27-4031,line item,32600.0,33000.0,1.3,2500.0,74990.0,Bachelor's degree,"Arts, Design, Entertainment, Sports, and Media",8.350058696557731,47.34748010610079,0.30215131737974377
        Film and video editors,27-4032,line item,39400.0,40800.0,3.7,3100.0,75420.0,Bachelor's degree,"Arts, Design, Entertainment, Sports, and Media",8.431476502442534,50.53050397877984,0.3746676335508823
"      Media and communication equipment workers, all other",27-4099,line item,14000.0,14300.0,1.6,1000.0,70720.0,High school diploma or equivalent,"Arts, Design, Entertainment, Sports, and Media",7.541560949748173,47.745358090185675,0.1208605269518975
      Chiropractors,29-1011,line item,61700.0,67000.0,8.7,2600.0,79200.0,Doctoral or professional degree,Healthcare Practitioners and Technical,9.147195819290339,57.16180371352784,0.3142373700749335
"        Dentists, general",29-1021,line item,141900.0,150000.0,5.7,4200.0,170950.0,Doctoral or professional degree,Healthcare Practitioners and Technical,26.519483470291966,53.183023872679044,0.5076142131979695
        Oral and maxillofacial surgeons,29-1022,line item,5600.0,5900.0,5.6,200.0,352220.0,Doctoral or professional degree,Healthcare Practitioners and Technical,60.84182224410194,53.05039787798408,0.024172105390379502
        Orthodontists,29-1023,line item,7100.0,7500.0,6.0,200.0,289140.0,Doctoral or professional degree,Healthcare Practitioners and Technical,48.89801946453592,53.580901856763916,0.024172105390379502
        Prosthodontists,29-1024,line item,1000.0,1100.0,5.8,0.0,311180.0,Doctoral or professional degree,Healthcare Practitioners and Technical,53.07115537546863,53.31564986737399,0.0
"        Dentists, all other specialists",29-1029,line item,5800.0,5900.0,1.3,100.0,224990.0,Doctoral or professional degree,Healthcare Practitioners and Technical,36.75161888893096,47.34748010610079,0.012086052695189751
      Dietitians and nutritionists,29-1031,line item,86300.0,93000.0,7.7,5700.0,76400.0,Bachelor's degree,Healthcare Practitioners and Technical,8.617033362366039,55.83554376657824,0.6889050036258157
      Optometrists,29-1041,line item,45100.0,49400.0,9.5,2000.0,136570.0,Doctoral or professional degree,Healthcare Practitioners and Technical,20.00984587420002,58.22281167108753,0.241721053903795
      Pharmacists,29-1051,line item,325200.0,342300.0,5.2,12500.0,140910.0,Doctoral or professional degree,Healthcare Practitioners and Technical,20.831597682432687,52.51989389920424,1.510756586898719
      Physician assistants,29-1071,line item,168900.0,204600.0,21.1,11500.0,135880.0,Master's degree,Healthcare Practitioners and Technical,19.879198697315108,73.60742705570291,1.3898960599468213
      Podiatrists,29-1081,line item,10000.0,10200.0,2.0,200.0,160300.0,Doctoral or professional degree,Healthcare Practitioners and Technical,24.502972696633467,48.275862068965516,0.024172105390379502
        Occupational therapists,29-1122,line item,169600.0,194800.0,14.8,10000.0,100330.0,Master's degree,Healthcare Practitioners and Technical,13.14802893172265,65.25198938992042,1.208605269518975
        Physical therapists,29-1123,line item,283700.0,317600.0,11.9,13400.0,102760.0,Doctoral or professional degree,Healthcare Practitioners and Technical,13.608134206839095,61.40583554376657,1.6195310611554266
        Radiation therapists,29-1124,line item,17400.0,17900.0,2.8,700.0,105310.0,Associate's degree,Healthcare Practitioners and Technical,14.090960730109442,49.33687002652519,0.08460236886632826
        Recreational therapists,29-1125,line item,15600.0,16300.0,4.8,1400.0,61960.0,Bachelor's degree,Healthcare Practitioners and Technical,5.882909834513575,51.98938992042439,0.1692047377326565
        Respiratory therapists,29-1126,line item,142000.0,154200.0,8.5,8600.0,82280.0,Associate's degree,Healthcare Practitioners and Technical,9.73037452190707,56.89655172413792,1.0394005317863186
        Speech-language pathologists,29-1127,line item,193400.0,225500.0,16.6,12500.0,97870.0,Master's degree,Healthcare Practitioners and Technical,12.682243344567729,67.6392572944297,1.510756586898719
        Exercise physiologists,29-1128,line item,21200.0,23900.0,12.8,1400.0,59460.0,Bachelor's degree,Healthcare Practitioners and Technical,5.409550497974022,62.59946949602122,0.1692047377326565
"        Therapists, all other",29-1129,line item,56100.0,63200.0,12.6,3600.0,77930.0,Bachelor's degree,Healthcare Practitioners and Technical,8.906729276328246,62.3342175066313,0.43509789702683105
      Veterinarians,29-1131,line item,91100.0,99600.0,9.4,3100.0,130100.0,Doctoral or professional degree,Healthcare Practitioners and Technical,18.784791911235658,58.09018567639257,0.3746676335508823
      Registered nurses,29-1141,line item,3465400.0,3660100.0,5.6,180800.0,97550.0,Bachelor's degree,Healthcare Practitioners and Technical,12.621653349490666,53.05039787798408,21.85158327290307
      Nurse anesthetists,29-1151,line item,54500.0,59800.0,9.7,2400.0,236590.0,Master's degree,Healthcare Practitioners and Technical,38.948006210474496,58.488063660477444,0.290065264684554
      Nurse midwives,29-1161,line item,8200.0,9100.0,11.5,400.0,134040.0,Master's degree,Healthcare Practitioners and Technical,19.530806225621994,60.87533156498674,0.048344210780759005
      Nurse practitioners,29-1171,line item,336300.0,474100.0,41.0,29400.0,132300.0,Master's degree,Healthcare Practitioners and Technical,19.201348127390464,100.0,3.5532994923857872
      Audiologists,29-1181,line item,14200.0,15700.0,11.0,600.0,95780.0,Doctoral or professional degree,Healthcare Practitioners and Technical,12.28651493922066,60.21220159151193,0.0725163161711385
        Anesthesiologists,29-1211,line item,41500.0,43000.0,3.6,1100.0,391490.0,Doctoral or professional degree,Healthcare Practitioners and Technical,68.27735070246526,50.397877984084886,0.13294657964708728
        Cardiologists,29-1212,line item,18500.0,19400.0,4.8,500.0,496010.0,Doctoral or professional degree,Healthcare Practitioners and Technical,88.06755784451093,51.98938992042439,0.06043026347594875
        Dermatologists,29-1213,line item,12200.0,13000.0,6.8,400.0,328730.0,Doctoral or professional degree,Healthcare Practitioners and Technical,56.394137917976295,54.6419098143236,0.048344210780759005
        Emergency medicine physicians,29-1214,line item,34900.0,36100.0,3.2,900.0,335550.0,Doctoral or professional degree,Healthcare Practitioners and Technical,57.6854621880562,49.86737400530504,0.10877447425670776
        Family medicine physicians,29-1215,line item,114300.0,118000.0,3.3,2900.0,244180.0,Doctoral or professional degree,Healthcare Practitioners and Technical,40.38512515620858,49.999999999999986,0.3504955281605028
        General internal medicine physicians,29-1216,line item,73100.0,76000.0,4.0,1900.0,256560.0,Doctoral or professional degree,Healthcare Practitioners and Technical,42.729200590752455,50.92838196286471,0.22963500120860525
        Neurologists,29-1217,line item,11400.0,12100.0,6.4,300.0,248560.0,Doctoral or professional degree,Healthcare Practitioners and Technical,41.214450713825876,54.111405835543756,0.03625815808556925
        Obstetricians and gynecologists,29-1218,line item,22800.0,23200.0,1.7,500.0,292910.0,Doctoral or professional degree,Healthcare Practitioners and Technical,49.61184534403756,47.87798408488064,0.06043026347594875
"        Pediatricians, general",29-1221,line item,42200.0,42900.0,1.5,1000.0,210040.0,Doctoral or professional degree,Healthcare Practitioners and Technical,33.92093005642443,47.61273209549071,0.1208605269518975
"        Physicians, pathologists",29-1222,line item,11800.0,12400.0,4.8,300.0,312400.0,Doctoral or professional degree,Healthcare Practitioners and Technical,53.30215473169992,51.98938992042439,0.03625815808556925
        Psychiatrists,29-1223,line item,30000.0,32100.0,7.2,900.0,281870.0,Doctoral or professional degree,Healthcare Practitioners and Technical,47.521490513878895,55.172413793103445,0.10877447425670776
        Radiologists,29-1224,line item,28700.0,29600.0,3.4,700.0,420860.0,Doctoral or professional degree,Healthcare Practitioners and Technical,73.83837618813193,50.132625994694955,0.08460236886632826
"        Physicians, all other",29-1229,line item,367400.0,380100.0,3.4,9400.0,265930.0,Doctoral or professional degree,Healthcare Practitioners and Technical,44.5033513841027,50.132625994694955,1.1360889533478367
"        Ophthalmologists, except pediatric",29-1241,line item,9700.0,10200.0,4.5,200.0,300080.0,Doctoral or professional degree,Healthcare Practitioners and Technical,50.969439921233004,51.591511936339515,0.024172105390379502
"        Orthopedic surgeons, except pediatric",29-1242,line item,15500.0,16100.000000000002,4.0,400.0,358550.0,Doctoral or professional degree,Healthcare Practitioners and Technical,62.04036808422009,50.92838196286471,0.048344210780759005
        Pediatric surgeons,29-1243,line item,1300.0,1300.0,2.0,0.0,559030.0,Doctoral or professional degree,Healthcare Practitioners and Technical,100.0,48.275862068965516,0.0
"        Surgeons, all other",29-1249,line item,27500.0,28600.0,4.0,700.0,414010.0,Doctoral or professional degree,Healthcare Practitioners and Technical,72.54137160601356,50.92838196286471,0.08460236886632826
        Acupuncturists,29-1291,line item,14800.0,16000.0,8.6,800.0,76040.0,Master's degree,Healthcare Practitioners and Technical,8.548869617904344,57.02917771883289,0.09668842156151801
        Dental hygienists,29-1292,line item,225300.0,243200.0,8.0,15000.0,98100.0,Associate's degree,Healthcare Practitioners and Technical,12.725792403529368,56.233421750663126,1.8129079042784626
"        Healthcare diagnosing or treating practitioners, all other",29-1299,line item,39600.0,41800.0,5.5,1900.0,115210.0,Master's degree,Healthcare Practitioners and Technical,15.965463702806074,52.91777188328912,0.22963500120860525
      Clinical laboratory technologists and technicians,29-2010,line item,343000.0,352400.0,2.7,20800.0,62930.0,Bachelor's degree,Healthcare Practitioners and Technical,6.066573257090923,49.204244031830235,2.513898960599468
        Cardiovascular technologists and technicians,29-2031,line item,64500.0,66900.0,3.7,3400.0,74310.0,Associate's degree,Healthcare Practitioners and Technical,8.221304957018972,50.53050397877984,0.41092579163645154
        Diagnostic medical sonographers,29-2032,line item,92200.0,105100.0,13.9,6000.0,96590.0,Associate's degree,Healthcare Practitioners and Technical,12.439883364259478,64.05835543766577,0.7251631617113851
        Nuclear medicine technologists,29-2033,line item,17400.0,18200.0,4.4,800.0,101370.0,Associate's degree,Healthcare Practitioners and Technical,13.344946415723102,51.45888594164455,0.09668842156151801
        Radiologic technologists and technicians,29-2034,line item,234200.0,246000.0,5.0,13000.0,80110.0,Associate's degree,Healthcare Practitioners and Technical,9.319498617790737,52.25464190981432,1.5711868503746678
        Magnetic resonance imaging technologists,29-2035,line item,43900.0,47300.0,7.7,2300.0,95480.0,Associate's degree,Healthcare Practitioners and Technical,12.229711818835915,55.83554376657824,0.27797921198936426
        Medical dosimetrists,29-2036,line item,3500.0,3700.0,5.0,200.0,147470.0,Bachelor's degree,Healthcare Practitioners and Technical,22.07369258151248,52.25464190981432,0.024172105390379502
        Emergency medical technicians,29-2042,line item,181900.0,192500.0,5.8,13800.0,44470.0,Postsecondary nondegree award,Healthcare Practitioners and Technical,2.5712879160828566,53.31564986737399,1.6678752719361856
        Paramedics,29-2043,line item,102200.0,108000.0,5.7,4300.0,60600.0,Postsecondary nondegree award,Healthcare Practitioners and Technical,5.625402355436059,53.183023872679044,0.5197002658931593
        Dietetic technicians,29-2051,line item,32100.0,32900.0,2.7,4200.0,37640.0,Associate's degree,Healthcare Practitioners and Technical,1.2780702086567957,49.204244031830235,0.5076142131979695
        Pharmacy technicians,29-2052,line item,471200.0,501300.0,6.4,44700.0,45750.0,High school diploma or equivalent,Healthcare Practitioners and Technical,2.8136478963911085,54.111405835543756,5.402465554749819
        Psychiatric technicians,29-2053,line item,161500.0,197500.0,22.3,17000.0,45130.0,Postsecondary nondegree award,Healthcare Practitioners and Technical,2.696254780929299,75.19893899204244,2.0546289581822577
        Surgical technologists,29-2055,line item,118400.0,124300.0,5.0,7100.0,64650.0,Postsecondary nondegree award,Healthcare Practitioners and Technical,6.3922444806301355,52.25464190981432,0.8581097413584723
        Veterinary technologists and technicians,29-2056,line item,131400.0,143800.0,9.4,13400.0,47380.0,Associate's degree,Healthcare Practitioners and Technical,3.1222781838148976,58.09018567639257,1.6195310611554266
        Ophthalmic medical technicians,29-2057,line item,72500.0,88000.0,21.4,11800.0,45570.0,Postsecondary nondegree award,Healthcare Practitioners and Technical,2.7795660241602604,74.0053050397878,1.4261542180323905
      Licensed practical and licensed vocational nurses,29-2061,line item,666900.0,686700.0,3.0,51800.0,64400.0,Postsecondary nondegree award,Healthcare Practitioners and Technical,6.34490854697618,49.602122015915114,6.260575296108291
      Medical records specialists,29-2072,line item,200700.0,216300.0,7.8,14000.0,51140.0,Postsecondary nondegree award,Healthcare Practitioners and Technical,3.8342106259703863,55.9681697612732,1.6920473773265652
"      Opticians, dispensing",29-2081,line item,74300.0,77400.0,4.2,5600.0,47260.0,High school diploma or equivalent,Healthcare Practitioners and Technical,3.0995569356609987,51.193633952254636,0.676818950930626
        Orthotists and prosthetists,29-2091,line item,9500.0,10700.0,12.9,700.0,81110.0,Master's degree,Healthcare Practitioners and Technical,9.508842352406559,62.73209549071617,0.08460236886632826
        Hearing aid specialists,29-2092,line item,11200.0,13400.0,19.4,900.0,65160.0,High school diploma or equivalent,Healthcare Practitioners and Technical,6.4888097852842055,71.35278514588859,0.10877447425670776
"        Health technologists and technicians, all other",29-2099,line item,185600.0,196400.0,5.9,12400.0,50290.0,Postsecondary nondegree award,Healthcare Practitioners and Technical,3.6732684515469383,53.44827586206896,1.4986705342035291
      Health information technologists and medical registrars,29-9021,line item,42000.0,48600.0,15.9,3000.0,68020.0,Associate's degree,Healthcare Practitioners and Technical,7.0303328662854545,66.71087533156498,0.36258158085569253
        Athletic trainers,29-9091,line item,35200.0,39600.0,12.7,2400.0,62520.0,Master's degree,Healthcare Practitioners and Technical,5.988942325898436,62.46684350132625,0.290065264684554
        Genetic counselors,29-9092,line item,4200.0,4600.0,10.4,300.0,100040.0,Master's degree,Healthcare Practitioners and Technical,13.09311924868406,59.41644562334216,0.03625815808556925
        Surgical assistants,29-9093,line item,24400.0,25900.0,6.1,1400.0,66800.0,Postsecondary nondegree award,Healthcare Practitioners and Technical,6.7993335100541525,53.713527851458885,0.1692047377326565
"        Healthcare practitioners and technical workers, all other",29-9099,line item,39100.0,41000.0,5.1,2200.0,65790.0,Postsecondary nondegree award,Healthcare Practitioners and Technical,6.608096338092173,52.38726790450928,0.26589315929417456
      Home health and personal care aides,31-1120,line item,4677100.0,5524400.0,18.1,760500.0,35800.0,High school diploma or equivalent,Healthcare Support,0.9296777369636839,69.62864721485411,91.91443074691806
        Nursing assistants,31-1131,line item,1505900.0,1544900.0,2.6,196200.0,42260.0,Postsecondary nondegree award,Healthcare Support,2.1528382625818914,49.07161803713527,23.71283538796229
        Orderlies,31-1132,line item,52800.0,54900.0,4.0,7200.0,38290.0,High school diploma or equivalent,Healthcare Support,1.4011436361570797,50.92838196286471,0.8701957940536621
        Psychiatric aides,31-1133,line item,36900.0,37600.0,1.9,4900.0,44910.0,High school diploma or equivalent,Healthcare Support,2.6545991593138183,48.143236074270554,0.5922165820642978
        Occupational therapy assistants,31-2011,line item,52200.0,63400.0,21.5,8100.0,72300.0,Associate's degree,Healthcare Support,7.840724050441171,74.13793103448275,0.9789702683103698
        Occupational therapy aides,31-2012,line item,4400.0,4600.0,3.6,600.0,39160.0,High school diploma or equivalent,Healthcare Support,1.5658726852728444,50.397877984084886,0.0725163161711385
        Physical therapist assistants,31-2021,line item,114100.0,140400.0,23.0,18500.0,68380.0,Associate's degree,Healthcare Support,7.09849661074715,76.12732095490715,2.2359197486101037
        Physical therapist aides,31-2022,line item,49000.0,51000.0,4.0,6400.0,35240.0,High school diploma or equivalent,Healthcare Support,0.8236452455788239,50.92838196286471,0.7735073724921441
      Massage therapists,31-9011,line item,155400.0,179100.0,15.3,20400.0,58450.0,Postsecondary nondegree award,Healthcare Support,5.2183133260120425,65.91511936339522,2.4655547498187094
        Dental assistants,31-9091,line item,388600.0,417400.0,7.4,53000.0,48070.0,Postsecondary nondegree award,Healthcare Support,3.2529253606998147,55.43766578249336,6.405607928450569
        Medical assistants,31-9092,line item,833900.0,941500.0,12.9,109700.0,45690.0,Postsecondary nondegree award,Healthcare Support,2.8022872723141594,62.73209549071617,13.258399806623157
        Medical equipment preparers,31-9093,line item,79900.0,88600.0,10.8,10700.0,47700.0,High school diploma or equivalent,Healthcare Support,3.182868178891961,59.94694960212201,1.2932076383853033
        Medical transcriptionists,31-9094,line item,42000.0,40200.0,-4.4,6200.0,40410.0,Postsecondary nondegree award,Healthcare Support,1.802552353542621,39.787798408488065,0.7493352671017646
        Pharmacy aides,31-9095,line item,39200.0,39000.0,-0.7,5100.0,37680.0,High school diploma or equivalent,Healthcare Support,1.2856439580414283,44.694960212201586,0.6163886874546773
        Veterinary assistants and laboratory animal caretakers,31-9096,line item,132100.0,144200.0,9.1,23200.0,38150.0,High school diploma or equivalent,Healthcare Support,1.3746355133108645,57.692307692307686,2.8039642252840222
        Phlebotomists,31-9097,line item,143900.0,153700.0,6.8,18000.0,45230.0,Postsecondary nondegree award,Healthcare Support,2.715189154390881,54.6419098143236,2.1754894851341553
"        Healthcare support workers, all other",31-9099,line item,113900.0,119400.0,4.8,14100.0,48430.0,High school diploma or equivalent,Healthcare Support,3.32108910516151,51.98938992042439,1.704133430021755
        First-line supervisors of correctional officers,33-1011,line item,56300.0,54800.0,-2.5,3700.0,77970.0,High school diploma or equivalent,Protective Service,8.91430302571288,42.3076923076923,0.4471839497220208
        First-line supervisors of police and detectives,33-1012,line item,160200.0,165400.0,3.3,10600.0,106040.0,High school diploma or equivalent,Protective Service,14.229181656378989,49.999999999999986,1.2811215856901137
      First-line supervisors of firefighting and prevention workers,33-1021,line item,101600.0,105400.0,3.7,6600.0,93530.0,Postsecondary nondegree award,Protective Service,11.860491536335063,50.53050397877984,0.7976794778825236
        First-line supervisors of security workers,33-1091,line item,82700.0,85700.0,3.7,6800.0,55940.0,High school diploma or equivalent,Protective Service,4.74306055212633,50.53050397877984,0.8218515832729031
"        First-line supervisors of protective service workers, all other",33-1099,line item,21600.0,22000.0,1.9,1700.0,76400.0,High school diploma or equivalent,Protective Service,8.617033362366039,48.143236074270554,0.20546289581822577
      Firefighters,33-2011,line item,355300.0,368400.0,3.7,26800.0,59280.0,Postsecondary nondegree award,Protective Service,5.375468625743174,50.53050397877984,3.239062122310853
        Fire inspectors and investigators,33-2021,line item,14700.0,15300.0,4.2,1600.0,75920.0,Postsecondary nondegree award,Protective Service,8.526148369750446,51.193633952254636,0.19337684312303602
        Forest fire inspectors and prevention specialists,33-2022,line item,3000.0,3400.0,13.1,400.0,56870.0,High school diploma or equivalent,Protective Service,4.919150225319044,62.99734748010609,0.048344210780759005
        Bailiffs,33-3011,line item,18000.0,17700.0,-1.9,1600.0,56600.0,High school diploma or equivalent,Protective Service,4.868027416972772,43.103448275862064,0.19337684312303602
        Correctional officers and jailers,33-3012,line item,397800.0,368200.0,-7.4,28400.0,58940.0,High school diploma or equivalent,Protective Service,5.311091755973795,35.80901856763926,3.432438965433889
      Detectives and criminal investigators,33-3021,line item,120500.0,120700.0,0.2,7800.0,93790.0,High school diploma or equivalent,Protective Service,11.909720907335176,45.88859416445623,0.9427121102248005
      Fish and game wardens,33-3031,line item,6200.0,5800.0,-5.7,500.0,74060.0,Bachelor's degree,Protective Service,8.173969023365018,38.063660477453574,0.06043026347594875
      Parking enforcement workers,33-3041,line item,9400.0,9300.0,-1.1,800.0,46730.0,High school diploma or equivalent,Protective Service,2.9992047563146134,44.164456233421745,0.09668842156151801
        Police and sheriff's patrol officers,33-3051,line item,693200.0,717300.0,3.5,51500.0,76210.0,High school diploma or equivalent,Protective Service,8.581058052789032,50.26525198938992,6.224317138022721
        Transit and railroad police,33-3052,line item,4400.0,4500.0,3.2,300.0,90230.0,High school diploma or equivalent,Protective Service,11.23565721210285,49.86737400530504,0.03625815808556925
      Animal control workers,33-9011,line item,13800.0,14300.0,4.0,1500.0,45660.0,High school diploma or equivalent,Protective Service,2.7966069602756845,50.92838196286471,0.18129079042784627
      Private detectives and investigators,33-9021,line item,39500.0,41700.0,5.5,3200.0,51220.0,High school diploma or equivalent,Protective Service,3.8493581247396524,52.91777188328912,0.38675368624607204
        Gambling surveillance officers and gambling investigators,33-9031,line item,9800.0,9600.0,-1.8,1100.0,43370.0,High school diploma or equivalent,Protective Service,2.363009808005453,43.236074270557026,0.13294657964708728
        Security guards,33-9032,line item,1294300.0,1305600.0,0.9,156000.0,38020.0,High school diploma or equivalent,Protective Service,1.3500208278108077,46.81697612732095,18.85424220449601
        Crossing guards and flaggers,33-9091,line item,94800.0,98100.0,3.5,17300.0,38100.0,No formal educational credential,Protective Service,1.3651683265800736,50.26525198938992,2.090887116267827
"        Lifeguards, ski patrol, and other recreational protective service workers",33-9092,line item,162000.0,170800.0,5.5,45400.0,33580.0,No formal educational credential,Protective Service,0.50933464611656,52.91777188328912,5.487067923616147
        Transportation security screeners,33-9093,line item,53500.0,51200.0,-4.2,4500.0,66770.0,High school diploma or equivalent,Protective Service,6.7936531980156785,40.05305039787798,0.5438723712835388
        School bus monitors,33-9094,line item,76700.0,75300.0,-1.9,13400.0,35100.0,High school diploma or equivalent,Protective Service,0.7971371227326088,43.103448275862064,1.6195310611554266
"        Protective service workers, all other",33-9099,line item,82100.0,84600.0,3.0,22600.0,42540.0,High school diploma or equivalent,Protective Service,2.205854508274321,49.602122015915114,2.731447909112884
      Chefs and head cooks,35-1011,line item,220300.0,234700.0,6.6,25200.0,62470.0,High school diploma or equivalent,Food Preparation and Serving,5.979475139167645,54.37665782493368,3.0456852791878175
      First-line supervisors of food preparation and serving workers,35-1012,line item,1236400.0,1303500.0,5.4,171500.0,44080.0,High school diploma or equivalent,Food Preparation and Serving,2.4974438595826864,52.78514588859415,20.727580372250422
"        Cooks, fast food",35-2011,line item,640500.0,644100.0,0.6,86400.0,30890.0,No formal educational credential,Food Preparation and Serving,0.0,46.41909814323607,10.442349528643945
"        Cooks, institution and cafeteria",35-2012,line item,454000.0,466600.0,2.8,62900.0,37450.0,No formal educational credential,Food Preparation and Serving,1.2420948990797895,49.33687002652519,7.602127145274354
"        Cooks, private household",35-2013,line item,35400.0,37200.0,5.1,5000.0,47940.0,Postsecondary nondegree award,Food Preparation and Serving,3.2283106751997575,52.38726790450928,0.6043026347594875
"        Cooks, restaurant",35-2014,line item,1417500.0,1588800.0,12.1,218600.0,37390.0,No formal educational credential,Food Preparation and Serving,1.23073427500284,61.6710875331565,26.420111191684796
"        Cooks, short order",35-2015,line item,138700.0,131500.0,-5.2,17400.0,35880.0,No formal educational credential,Food Preparation and Serving,0.9448252357329496,38.72679045092838,2.102973168963017
"        Cooks, all other",35-2019,line item,19700.0,20800.0,5.2,2800.0,37690.0,No formal educational credential,Food Preparation and Serving,1.2875373953875866,52.51989389920424,0.338409475465313
      Food preparation workers,35-2021,line item,908500.0,881300.0,-3.0,135700.0,35320.0,No formal educational credential,Food Preparation and Serving,0.8387927443480896,41.6445623342175,16.40077350737249
      Bartenders,35-3011,line item,762600.0,800500.0,5.0,121200.0,34340.0,No formal educational credential,Food Preparation and Serving,0.6532358844245844,52.25464190981432,14.648295866569978
      Fast food and counter workers,35-3023,line item,3855900.0,4079100.0,5.8,827400.0,31200.0,No formal educational credential,Food Preparation and Serving,0.05869655773090469,53.31564986737399,100.0
      Waiters and waitresses,35-3031,line item,2284400.0,2330900.0,2.0,423100.0,35230.0,No formal educational credential,Food Preparation and Serving,0.8217518082326656,48.275862068965516,51.13608895334784
"      Food servers, nonrestaurant",35-3041,line item,296300.0,309600.0,4.5,48800.0,35360.0,No formal educational credential,Food Preparation and Serving,0.8463664937327223,51.591511936339515,5.897993715252599
      Dining room and cafeteria attendants and bartender helpers,35-9011,line item,546600.0,575500.0,5.3,95300.0,33980.0,No formal educational credential,Food Preparation and Serving,0.5850721399628886,52.652519893899196,11.518008218515833
      Dishwashers,35-9021,line item,480400.0,475600.0,-1.0,68900.0,34810.0,No formal educational credential,Food Preparation and Serving,0.7422274396940205,44.29708222811671,8.327290306985738
"      Hosts and hostesses, restaurant, lounge, and coffee shop",35-9031,line item,444200.0,459500.0,3.4,107100.0,31200.0,No formal educational credential,Food Preparation and Serving,0.05869655773090469,50.132625994694955,12.944162436548224
"      Food preparation and serving related workers, all other",35-9099,line item,85100.0,89700.0,5.5,11800.0,35840.0,No formal educational credential,Food Preparation and Serving,0.9372514863483167,52.91777188328912,1.4261542180323905
      First-line supervisors of housekeeping and janitorial workers,37-1011,line item,265200.0,273600.0,3.2,30800.0,49100.0,High school diploma or equivalent,Building and Grounds Cleaning,3.4479494073541104,49.86737400530504,3.7225042301184432
"      First-line supervisors of landscaping, lawn service, and groundskeeping workers",37-1012,line item,243300.0,253000.0,4.0,23900.0,58430.0,High school diploma or equivalent,Building and Grounds Cleaning,5.214526451319726,50.92838196286471,2.8885665941503507
"        Janitors and cleaners, except maids and housekeeping cleaners",37-2011,line item,2432600.0,2486200.0,2.2,321800.0,36840.0,No formal educational credential,Building and Grounds Cleaning,1.1265952209641383,48.54111405835543,38.89291757312062
        Maids and housekeeping cleaners,37-2012,line item,1332100.0,1339500.0,0.6,175500.0,35510.0,No formal educational credential,Building and Grounds Cleaning,0.8747680539250955,46.41909814323607,21.211022480058013
"        Building cleaning workers, all other",37-2019,line item,18600.0,19000.0,2.0,2500.0,44040.0,No formal educational credential,Building and Grounds Cleaning,2.4898701101980536,48.275862068965516,0.30215131737974377
      Pest control workers,37-2021,line item,108700.0,114700.0,5.5,13700.0,45250.0,High school diploma or equivalent,Building and Grounds Cleaning,2.7189760290831977,52.91777188328912,1.655789219240996
      Landscaping and groundskeeping workers,37-3011,line item,1188600.0,1244200.0,4.7,149500.0,39150.0,No formal educational credential,Building and Grounds Cleaning,1.563979247926686,51.856763925729446,18.068648779308678
"      Pesticide handlers, sprayers, and applicators, vegetation",37-3012,line item,25700.0,26700.0,3.9,3300.0,46340.0,High school diploma or equivalent,Building and Grounds Cleaning,2.9253606998144432,50.79575596816975,0.3988397389412618
      Tree trimmers and pruners,37-3013,line item,70600.0,73600.0,4.2,7900.0,50960.0,High school diploma or equivalent,Building and Grounds Cleaning,3.8001287537395387,51.193633952254636,0.9547981629199903
"      Grounds maintenance workers, all other",37-3019,line item,14200.0,14800.0,3.7,1800.0,46860.0,No formal educational credential,Building and Grounds Cleaning,3.02381944181467,50.53050397877984,0.21754894851341552
        First-line supervisors of gambling services workers,39-1013,line item,27200.0,28100.0,3.5,2600.0,63820.0,High school diploma or equivalent,Personal Care and Service,6.235089180899004,50.26525198938992,0.3142373700749335
"        First-line supervisors of entertainment and recreation workers, except gambling services",39-1014,line item,109300.0,115100.0,5.3,10600.0,48560.0,High school diploma or equivalent,Personal Care and Service,3.345703790661567,52.652519893899196,1.2811215856901137
      First-line supervisors of personal service workers,39-1022,line item,122500.0,130199.99999999999,6.3,12000.0,48590.0,High school diploma or equivalent,Personal Care and Service,3.3513841027000417,53.9787798408488,1.4503263234227701
      Animal trainers,39-2011,line item,47800.0,49700.0,4.2,6500.0,39990.0,High school diploma or equivalent,Personal Care and Service,1.7230279850039762,51.193633952254636,0.7855934251873339
      Animal caretakers,39-2021,line item,365300.0,409400.0,12.1,62800.0,35360.0,High school diploma or equivalent,Personal Care and Service,0.8463664937327223,61.6710875331565,7.590041092579164
        Gambling dealers,39-3011,line item,88900.0,91900.0,3.4,13300.0,34320.0,High school diploma or equivalent,Personal Care and Service,0.6494490097322679,50.132625994694955,1.6074450084602367
        Gambling and sports book writers and runners,39-3012,line item,9600.0,9800.0,1.8,1400.0,34980.0,High school diploma or equivalent,Personal Care and Service,0.7744158745787102,48.010610079575585,0.1692047377326565
"        Gambling service workers, all other",39-3019,line item,15300.0,15900.0,4.2,2300.0,36310.0,High school diploma or equivalent,Personal Care and Service,1.026243041617753,51.193633952254636,0.27797921198936426
      Motion picture projectionists,39-3021,line item,1500.0,1400.0,-6.2,300.0,38270.0,No formal educational credential,Personal Care and Service,1.397356761464763,37.40053050397877,0.03625815808556925
"      Ushers, lobby attendants, and ticket takers",39-3031,line item,124500.0,125600.0,0.9,27300.0,32910.0,No formal educational credential,Personal Care and Service,0.38247434392395957,46.81697612732095,3.2994923857868024
        Amusement and recreation attendants,39-3091,line item,408400.0,423600.0,3.7,100400.0,32150.0,No formal educational credential,Personal Care and Service,0.23857310561593517,50.53050397877984,12.13439690597051
        Costume attendants,39-3092,line item,6600.0,7000.0,5.9,1700.0,50400.0,High school diploma or equivalent,Personal Care and Service,3.6940962623546785,53.44827586206896,0.20546289581822577
"        Locker room, coatroom, and dressing room attendants",39-3093,line item,16000.0,17100.0,6.4,4000.0,36300.0,High school diploma or equivalent,Personal Care and Service,1.0243496042715947,54.111405835543756,0.48344210780759
"        Entertainment attendants and related workers, all other",39-3099,line item,7200.0,7500.0,4.0,1800.0,32640.0,High school diploma or equivalent,Personal Care and Service,0.33135153557768776,50.92838196286471,0.21754894851341552
        Embalmers,39-4011,line item,3900.0,4000.0,0.7,700.0,58780.0,Associate's degree,Personal Care and Service,5.2807967584352635,46.55172413793103,0.08460236886632826
        Crematory operators,39-4012,line item,3000.0,3100.0,3.1,500.0,43650.0,High school diploma or equivalent,Personal Care and Service,2.416026053697883,49.734748010610076,0.06043026347594875
      Funeral attendants,39-4021,line item,31300.0,32100.0,2.6,5400.0,35680.0,High school diploma or equivalent,Personal Care and Service,0.9069564888097853,49.07161803713527,0.6526468455402465
"      Morticians, undertakers, and funeral arrangers",39-4031,line item,26700.0,27500.0,3.0,3000.0,55010.0,Associate's degree,Personal Care and Service,4.566970878933616,49.602122015915114,0.36258158085569253
        Barbers,39-5011,line item,75800.0,78300.0,3.3,6900.0,38210.0,Postsecondary nondegree award,Personal Care and Service,1.3859961373878138,49.999999999999986,0.8339376359680928
"        Hairdressers, hairstylists, and cosmetologists",39-5012,line item,595000.0,640900.0,7.7,73400.0,35790.0,Postsecondary nondegree award,Personal Care and Service,0.9277842996175256,55.83554376657824,8.871162678269277
"        Makeup artists, theatrical and performance",39-5091,line item,4300.0,4600.0,6.1,600.0,97150.0,Postsecondary nondegree award,Personal Care and Service,12.545915855644338,53.713527851458885,0.0725163161711385
        Manicurists and pedicurists,39-5092,line item,201800.0,220400.0,9.2,21900.0,35760.0,Postsecondary nondegree award,Personal Care and Service,0.922103987579051,57.82493368700264,2.6468455402465554
        Shampooers,39-5093,line item,15400.0,16200.0,5.6,2200.0,32600.0,No formal educational credential,Personal Care and Service,0.3237777861930549,53.05039787798408,0.26589315929417456
        Skincare specialists,39-5094,line item,104200.0,113300.0,8.8,14200.0,45330.0,Postsecondary nondegree award,Personal Care and Service,2.7341235278524634,57.294429708222815,1.7162194827169446
      Baggage porters and bellhops,39-6011,line item,29200.0,28400.0,-3.0,3800.0,37080.0,High school diploma or equivalent,Personal Care and Service,1.1720377172719354,41.6445623342175,0.4592700024172105
      Concierges,39-6012,line item,50200.0,51500.0,2.6,6900.0,38950.0,High school diploma or equivalent,Personal Care and Service,1.5261105010035219,49.07161803713527,0.8339376359680928
      Tour and travel guides,39-7010,line item,62200.0,66100.0,6.3,11900.0,38120.0,High school diploma or equivalent,Personal Care and Service,1.36895520127239,53.9787798408488,1.4382402707275803
      Childcare workers,39-9011,line item,1010300.0,990400.0,-2.0,150300.0,34980.0,High school diploma or equivalent,Personal Care and Service,0.7744158745787102,42.9708222811671,18.165337200870198
        Exercise trainers and group fitness instructors,39-9031,line item,388400.0,416900.0,7.3,68000.0,47160.0,High school diploma or equivalent,Personal Care and Service,3.0806225621994168,55.30503978779839,8.21851583272903
        Recreation workers,39-9032,line item,346900.0,361900.0,4.3,67000.0,36560.0,High school diploma or equivalent,Personal Care and Service,1.0735789752717082,51.32625994694959,8.097655305777133
      Residential advisors,39-9041,line item,94100.0,97400.0,3.5,16500.0,42240.0,High school diploma or equivalent,Personal Care and Service,2.1490513878895747,50.26525198938992,1.9941986947063088
"      Personal care and service workers, all other",39-9099,line item,94600.0,100200.0,5.9,14400.0,41600.0,High school diploma or equivalent,Personal Care and Service,2.0278713977354488,53.44827586206896,1.7403915881073242
      First-line supervisors of retail sales workers,41-1011,line item,1419800.0,1367400.0,-3.7,113500.0,48520.0,High school diploma or equivalent,Sales,3.3381300412769344,40.716180371352785,13.717669809040366
      First-line supervisors of non-retail sales workers,41-1012,line item,311900.0,313600.0,0.5,21700.0,87520.0,High school diploma or equivalent,Sales,10.722535691293974,46.28647214854111,2.622673434856176
        Cashiers,41-2011,line item,3106300.0,2905700.0,-6.5,521299.99999999994,32880.0,No formal educational credential,Sales,0.37679403188548494,37.0026525198939,63.00459270002416
        Gambling change persons and booth cashiers,41-2012,line item,22000.0,21600.0,-1.9,3900.0,36220.0,No formal educational credential,Sales,1.009202105502329,43.103448275862064,0.47135605511240025
        Counter and rental clerks,41-2021,line item,409400.0,421900.0,3.0,46100.0,41300.0,No formal educational credential,Sales,1.9710682773507027,49.602122015915114,5.571670292482475
        Parts salespersons,41-2022,line item,273300.0,281600.0,3.0,30000.0,38630.0,No formal educational credential,Sales,1.4655205059264589,49.602122015915114,3.625815808556925
      Retail salespersons,41-2031,line item,3998100.0,3984100.0,-0.3,520600.0,35410.0,No formal educational credential,Sales,0.8558336804635134,45.22546419098143,62.91999033115785
      Advertising sales agents,41-3011,line item,99300.0,92200.0,-7.2,7800.0,64820.0,High school diploma or equivalent,Sales,6.424432915514826,36.07427055702917,0.9427121102248005
      Insurance sales agents,41-3021,line item,572600.0,591400.0,3.3,43100.0,62280.0,High school diploma or equivalent,Sales,5.943499829590639,49.999999999999986,5.209088711626783
"      Securities, commodities, and financial services sales agents",41-3031,line item,531000.0,538500.0,1.4,35100.0,78660.0,Bachelor's degree,Sales,9.044950202597796,47.48010610079575,4.2422044960116025
      Travel agents,41-3041,line item,61500.0,61700.0,0.2,5900.0,50160.0,High school diploma or equivalent,Sales,3.648653766046882,45.88859416445623,0.7130771090161953
"      Sales representatives of services, except advertising, insurance, financial services, and travel",41-3091,line item,1272700.0,1306700.0,2.7,115700.0,69990.0,High school diploma or equivalent,Sales,7.4033400234786235,49.204244031830235,13.983562968334542
"      Sales representatives, wholesale and manufacturing, technical and scientific products",41-4011,line item,292000.0,295500.0,1.2,23600.0,104920.0,Bachelor's degree,Sales,14.01711667360927,47.214854111405835,2.852308436064781
"      Sales representatives, wholesale and manufacturing, except technical and scientific products",41-4012,line item,1279400.0,1268200.0,-0.9,99800.0,72080.0,High school diploma or equivalent,Sales,7.79906842882569,44.42970822281167,12.061880589799372
        Demonstrators and product promoters,41-9011,line item,70400.0,70500.0,0.2,11400.0,39320.0,No formal educational credential,Sales,1.596167682811376,45.88859416445623,1.3778100072516315
        Models,41-9012,line item,4200.0,4100.0,-2.1,700.0,48470.0,No formal educational credential,Sales,3.328662854546143,42.83819628647214,0.08460236886632826
        Real estate brokers,41-9021,line item,103500.0,104300.0,0.8,7800.0,73220.0,High school diploma or equivalent,Sales,8.014920286287728,46.68435013262599,0.9427121102248005
        Real estate sales agents,41-9022,line item,427000.0,434500.0,1.7,32600.0,52830.0,High school diploma or equivalent,Sales,4.154201537471125,47.87798408488064,3.940053178631859
      Sales engineers,41-9031,line item,51600.0,53000.0,2.8,3800.0,124900.0,Bachelor's degree,Sales,17.800204491233384,49.33687002652519,0.4592700024172105
      Telemarketers,41-9041,line item,60900.0,47800.0,-21.4,5800.0,35450.0,No formal educational credential,Sales,0.8634074298481463,17.241379310344826,0.7009910563210056
"        Door-to-door sales workers, news and street vendors, and related workers",41-9091,line item,50900.0,45600.0,-10.4,4800.0,41380.0,No formal educational credential,Sales,1.9862157761199681,31.830238726790448,0.580130529369108
"        Sales and related workers, all other",41-9099,line item,115300.0,116600.0,1.1,13100.0,48280.0,High school diploma or equivalent,Sales,3.292687544969137,47.08222811671087,1.5832729030698571
      First-line supervisors of office and administrative support workers,43-1011,line item,1506100.0,1507000.0,0.1,127400.0,69500.0,High school diploma or equivalent,Office and Administrative Support,7.31056159351687,45.75596816976127,15.397631133671744
"      Switchboard operators, including answering service",43-2011,line item,35400.0,26200.0,-26.0,3100.0,38630.0,High school diploma or equivalent,Office and Administrative Support,1.4655205059264589,11.140583554376656,0.3746676335508823
      Telephone operators,43-2021,line item,3500.0,2500.0,-27.6,200.0,41740.0,High school diploma or equivalent,Office and Administrative Support,2.054379520581664,9.01856763925729,0.024172105390379502
"      Communications equipment operators, all other",43-2099,line item,1200.0,1300.0,1.0,100.0,54680.0,High school diploma or equivalent,Office and Administrative Support,4.504487446510395,46.94960212201591,0.012086052695189751
      Bill and account collectors,43-3011,line item,160200.0,143400.0,-10.4,11200.0,47030.0,High school diploma or equivalent,Office and Administrative Support,3.0560078766993604,31.830238726790448,1.353637901861252
      Billing and posting clerks,43-3021,line item,418000.0,417700.0,-0.1,37000.0,48500.0,High school diploma or equivalent,Office and Administrative Support,3.3343431665846177,45.490716180371344,4.471839497220207
"      Bookkeeping, accounting, and auditing clerks",43-3031,line item,1532400.0,1446800.0,-5.6,144100.0,50670.0,"Some college, no degree",Office and Administrative Support,3.7452190707009505,38.196286472148536,17.41600193376843
      Gambling cage workers,43-3041,line item,15000.0,14600.0,-3.1,1200.0,37580.0,High school diploma or equivalent,Office and Administrative Support,1.2667095845798462,41.511936339522535,0.145032632342277
      Payroll and timekeeping clerks,43-3051,line item,159600.0,134300.0,-15.9,11400.0,58260.0,High school diploma or equivalent,Office and Administrative Support,5.182338016435036,24.535809018567637,1.3778100072516315
      Procurement clerks,43-3061,line item,56900.0,52300.0,-8.1,3700.0,50580.0,High school diploma or equivalent,Office and Administrative Support,3.728178134585527,34.88063660477453,0.4471839497220208
      Tellers,43-3071,line item,339200.0,294500.0,-13.2,26800.0,43030.0,High school diploma or equivalent,Office and Administrative Support,2.2986329382360737,28.116710875331563,3.239062122310853
"      Financial clerks, all other",43-3099,line item,38500.0,38500.0,0.0,3400.0,53830.0,High school diploma or equivalent,Office and Administrative Support,4.3435452720869465,45.623342175066306,0.41092579163645154
      Brokerage clerks,43-4011,line item,36900.0,34100.0,-7.6,3400.0,65750.0,High school diploma or equivalent,Office and Administrative Support,6.60052258870754,35.54376657824933,0.41092579163645154
      Correspondence clerks,43-4021,line item,4800.0,4500.0,-5.6,500.0,46800.0,High school diploma or equivalent,Office and Administrative Support,3.012458817737721,38.196286472148536,0.06043026347594875
"      Court, municipal, and license clerks",43-4031,line item,187000.0,193300.0,3.4,17100.0,48700.0,High school diploma or equivalent,Office and Administrative Support,3.372211913507782,50.132625994694955,2.0667150108774472
"      Credit authorizers, checkers, and clerks",43-4041,line item,12200.0,11300.0,-7.4,900.0,50080.0,High school diploma or equivalent,Office and Administrative Support,3.6335062672776157,35.80901856763926,0.10877447425670776
      Customer service representatives,43-4051,line item,2666000.0,2524100.0,-5.3,289500.0,44770.0,High school diploma or equivalent,Office and Administrative Support,2.6280910364676036,38.594164456233415,34.98912255257433
"      Eligibility interviewers, government programs",43-4061,line item,162800.0,165300.0,1.6,12700.0,54210.0,High school diploma or equivalent,Office and Administrative Support,4.415495891240958,47.745358090185675,1.5349286922890983
      File clerks,43-4071,line item,76200.0,64200.0,-15.8,5600.0,43600.0,High school diploma or equivalent,Office and Administrative Support,2.4065588669670923,24.668435013262595,0.676818950930626
"      Hotel, motel, and resort desk clerks",43-4081,line item,264600.0,269500.0,1.8,35500.0,35070.0,High school diploma or equivalent,Office and Administrative Support,0.7914568106941342,48.010610079575585,4.290548706792362
"      Interviewers, except eligibility and loan",43-4111,line item,153600.0,137600.0,-10.4,13200.0,45920.0,High school diploma or equivalent,Office and Administrative Support,2.845836331275798,31.830238726790448,1.5953589557650472
"      Library assistants, clerical",43-4121,line item,89500.0,83800.0,-6.4,12300.0,36910.0,High school diploma or equivalent,Office and Administrative Support,1.1398492823872457,37.135278514588855,1.4865844815083396
      Loan interviewers and clerks,43-4131,line item,169100.0,165000.0,-2.4,10500.0,50020.0,High school diploma or equivalent,Office and Administrative Support,3.6221456432006667,42.44031830238726,1.2690355329949239
      New accounts clerks,43-4141,line item,37900.0,35500.0,-6.5,2300.0,47670.0,High school diploma or equivalent,Office and Administrative Support,3.1771878668534854,37.0026525198939,0.27797921198936426
      Order clerks,43-4151,line item,78900.0,65099.99999999999,-17.5,6300.0,46170.0,"Some college, no degree",Office and Administrative Support,2.8931722649297535,22.413793103448274,0.7614213197969544
"      Human resources assistants, except payroll and timekeeping",43-4161,line item,96500.0,90500.0,-6.2,7900.0,50610.0,Associate's degree,Office and Administrative Support,3.7338584466240015,37.40053050397877,0.9547981629199903
      Receptionists and information clerks,43-4171,line item,947500.0,931600.0,-1.7,105100.0,38010.0,High school diploma or equivalent,Office and Administrative Support,1.3481273904646496,43.36870026525198,12.702441382644428
      Reservation and transportation ticket agents and travel clerks,43-4181,line item,120100.0,123100.0,2.5,11800.0,44390.0,High school diploma or equivalent,Office and Administrative Support,2.5561404173135913,48.93899204244031,1.4261542180323905
"      Information and record clerks, all other",43-4199,line item,143100.0,144300.0,0.8,15000.0,49500.0,High school diploma or equivalent,Office and Administrative Support,3.5236869012004393,46.68435013262599,1.8129079042784626
      Cargo and freight agents,43-5011,line item,100300.0,106400.0,6.2,9000.0,52260.0,High school diploma or equivalent,Office and Administrative Support,4.046275608740107,53.84615384615385,1.0877447425670776
      Couriers and messengers,43-5021,line item,228900.0,247100.0,8.0,23800.0,39200.0,High school diploma or equivalent,Office and Administrative Support,1.5734464346574772,56.233421750663126,2.8764805414551606
        Public safety telecommunicators,43-5031,line item,105600.0,109500.0,3.7,9000.0,53040.0,High school diploma or equivalent,Office and Administrative Support,4.193963721740448,50.53050397877984,1.0877447425670776
"        Dispatchers, except police, fire, and ambulance",43-5032,line item,203500.0,202100.0,-0.7,16000.0,50340.0,High school diploma or equivalent,Office and Administrative Support,3.6827356382777294,44.694960212201586,1.93376843123036
"      Meter readers, utilities",43-5041,line item,19700.0,17600.0,-10.5,1400.0,48150.0,High school diploma or equivalent,Office and Administrative Support,3.2680728594690804,31.697612732095486,0.1692047377326565
        Postal service clerks,43-5051,line item,70900.0,70700.0,-0.3,5300.0,62130.0,No formal educational credential,Office and Administrative Support,5.915098269398265,45.22546419098143,0.6405607928450568
        Postal service mail carriers,43-5052,line item,316400.0,315500.0,-0.3,19600.0,60550.0,No formal educational credential,Office and Administrative Support,5.615935168705268,45.22546419098143,2.3688663282571913
"        Postal service mail sorters, processors, and processing machine operators",43-5053,line item,101200.0,95900.0,-5.3,7300.0,58470.0,No formal educational credential,Office and Administrative Support,5.222100200704358,38.594164456233415,0.8822818467488518
"      Production, planning, and expediting clerks",43-5061,line item,392100.0,387100.0,-1.3,32600.0,59650.0,High school diploma or equivalent,Office and Administrative Support,5.445525807551028,43.89920424403183,3.940053178631859
"      Shipping, receiving, and inventory clerks",43-5071,line item,827700.0,765000.0,-7.6,61300.0,45260.0,High school diploma or equivalent,Office and Administrative Support,2.720869466429356,35.54376657824933,7.408750302151318
"      Weighers, measurers, checkers, and samplers, recordkeeping",43-5111,line item,53600.0,51000.0,-4.8,4700.0,46380.0,High school diploma or equivalent,Office and Administrative Support,2.932934449199076,39.25729442970822,0.5680444766739183
      Executive secretaries and executive administrative assistants,43-6011,line item,489300.0,489200.0,0.0,43300.0,76590.0,High school diploma or equivalent,Office and Administrative Support,8.653008671943045,45.623342175066306,5.233260817017162
      Legal secretaries and administrative assistants,43-6012,line item,157600.0,149300.0,-5.2,18100.0,55570.0,High school diploma or equivalent,Office and Administrative Support,4.673003370318477,38.72679045092838,2.187575537829345
      Medical secretaries and administrative assistants,43-6013,line item,979000.0,1026099.9999999999,4.8,89200.0,45930.0,High school diploma or equivalent,Office and Administrative Support,2.847729768621956,51.98938992042439,10.780759004109258
"      Secretaries and administrative assistants, except legal, medical, and executive",43-6014,line item,1889800.0,1775700.0,-6.0,163900.0,47540.0,High school diploma or equivalent,Office and Administrative Support,3.152573181353429,37.665782493368695,19.809040367416003
        Data entry keyers,43-9021,line item,131800.0,98200.0,-25.5,7700.0,41340.0,High school diploma or equivalent,Office and Administrative Support,1.9786420267353353,11.803713527851457,0.9306260575296108
        Word processors and typists,43-9022,line item,40400.0,26500.0,-34.4,1900.0,49280.0,High school diploma or equivalent,Office and Administrative Support,3.482031279584959,0.0,0.22963500120860525
      Desktop publishers,43-9031,line item,4600.0,4000.0,-14.5,300.0,55290.0,Associate's degree,Office and Administrative Support,4.619987124626046,26.392572944297076,0.03625815808556925
      Insurance claims and policy processing clerks,43-9041,line item,239100.0,234700.0,-1.9,17500.0,49230.0,High school diploma or equivalent,Office and Administrative Support,3.4725640928541677,43.103448275862064,2.1150592216582065
"      Mail clerks and mail machine operators, except postal service",43-9051,line item,57800.0,53600.0,-7.2,4700.0,39280.0,High school diploma or equivalent,Office and Administrative Support,1.5885939334267427,36.07427055702917,0.5680444766739183
"      Office clerks, general",43-9061,line item,2600000.0,2443700.0,-6.0,249000.0,45010.0,High school diploma or equivalent,Office and Administrative Support,2.6735335327754,37.665782493368695,30.094271211022477
"      Office machine operators, except computer",43-9071,line item,25800.0,21900.0,-14.9,2100.0,40960.0,High school diploma or equivalent,Office and Administrative Support,1.906691407581323,25.86206896551724,0.25380710659898476
      Proofreaders and copy markers,43-9081,line item,8500.0,8500.0,-0.9,1100.0,51120.0,Bachelor's degree,Office and Administrative Support,3.8304237512780706,44.42970822281167,0.13294657964708728
      Statistical assistants,43-9111,line item,5100.0,5000.0,-1.8,500.0,50330.0,Bachelor's degree,Office and Administrative Support,3.6808422009315707,43.236074270557026,0.06043026347594875
"      Office and administrative support workers, all other",43-9199,line item,231100.0,214100.0,-7.3,19100.0,45670.0,High school diploma or equivalent,Office and Administrative Support,2.7985003976218428,35.94164456233421,2.3084360647812425
"      First-line supervisors of farming, fishing, and forestry workers",45-1011,line item,57600.0,59800.0,3.8,7200.0,59320.0,High school diploma or equivalent,"Farming, Fishing, and Forestry",5.383042375127807,50.663129973474796,0.8701957940536621
      Agricultural inspectors,45-2011,line item,17800.0,18200.0,2.3,2500.0,49940.0,Bachelor's degree,"Farming, Fishing, and Forestry",3.606998144431401,48.67374005305039,0.30215131737974377
      Animal breeders,45-2021,line item,6900.0,7100.0,3.0,1000.0,51130.0,High school diploma or equivalent,"Farming, Fishing, and Forestry",3.8323171886242284,49.602122015915114,0.1208605269518975
"      Graders and sorters, agricultural products",45-2041,line item,45400.0,43800.0,-3.4,5800.0,35730.0,No formal educational credential,"Farming, Fishing, and Forestry",0.9164236755405764,41.11405835543766,0.7009910563210056
        Agricultural equipment operators,45-2091,line item,66900.0,72600.0,8.6,10100.0,41730.0,No formal educational credential,"Farming, Fishing, and Forestry",2.052486083235506,57.02917771883289,1.2206913222141649
"        Farmworkers and laborers, crop, nursery, and greenhouse",45-2092,line item,546800.0,533600.0,-2.4,72500.0,35660.0,No formal educational credential,"Farming, Fishing, and Forestry",0.9031696141174689,42.44031830238726,8.76238820401257
"        Farmworkers, farm, ranch, and aquacultural animals",45-2093,line item,202100.0,195700.0,-3.2,26600.0,36670.0,No formal educational credential,"Farming, Fishing, and Forestry",1.0944067860794486,41.37931034482758,3.2148900169204735
"        Agricultural workers, all other",45-2099,line item,9300.0,9700.0,3.8,1300.0,39850.0,No formal educational credential,"Farming, Fishing, and Forestry",1.6965198621577613,50.663129973474796,0.15711868503746676
      Fishing and hunting workers,45-3031,line item,28200.0,27000.0,-4.2,3300.0,,No formal educational credential,"Farming, Fishing, and Forestry",,40.05305039787798,0.3988397389412618
      Forest and conservation workers,45-4011,line item,14700.0,14500.0,-1.5,2200.0,43680.0,High school diploma or equivalent,"Farming, Fishing, and Forestry",2.4217063657363576,43.633952254641905,0.26589315929417456
        Fallers,45-4021,line item,4300.0,3900.0,-9.9,500.0,52100.0,High school diploma or equivalent,"Farming, Fishing, and Forestry",4.0159806112015755,32.49336870026525,0.06043026347594875
        Logging equipment operators,45-4022,line item,29300.0,28200.0,-3.8,3700.0,49740.0,High school diploma or equivalent,"Farming, Fishing, and Forestry",3.5691293975082368,40.58355437665782,0.4471839497220208
        Log graders and scalers,45-4023,line item,4400.0,4300.0,-2.2,600.0,46330.0,High school diploma or equivalent,"Farming, Fishing, and Forestry",2.923467262468285,42.70557029177718,0.0725163161711385
"        Logging workers, all other",45-4029,line item,2400.0,2200.0,-7.6,300.0,50840.0,High school diploma or equivalent,"Farming, Fishing, and Forestry",3.77740750558564,35.54376657824933,0.03625815808556925
      First-line supervisors of construction trades and extraction workers,47-1011,line item,913300.0,959400.0,5.0,67000.0,79920.0,High school diploma or equivalent,Construction and Extraction,9.28352330821373,52.25464190981432,8.097655305777133
      Boilermakers,47-2011,line item,10200.0,10100.0,-1.8,700.0,76410.0,High school diploma or equivalent,Construction and Extraction,8.618926799712199,43.236074270557026,0.08460236886632826
        Brickmasons and blockmasons,47-2021,line item,62400.0,63100.0,1.1,4100.0,62120.0,High school diploma or equivalent,Construction and Extraction,5.913204832052108,47.08222811671087,0.49552816050277976
        Stonemasons,47-2022,line item,9300.0,8800.0,-5.4,500.0,57390.0,High school diploma or equivalent,Construction and Extraction,5.017608967319272,38.46153846153846,0.06043026347594875
      Carpenters,47-2031,line item,889700.0,924700.0,3.9,62800.0,60580.0,High school diploma or equivalent,Construction and Extraction,5.621615480743742,50.79575596816975,7.590041092579164
        Carpet installers,47-2041,line item,17400.0,14500.0,-16.4,700.0,50340.0,No formal educational credential,Construction and Extraction,3.6827356382777294,23.872679045092838,0.08460236886632826
"        Floor layers, except carpet, wood, and hard tiles",47-2042,line item,29800.0,32400.0,9.0,2200.0,56460.0,No formal educational credential,Construction and Extraction,4.841519294126558,57.55968169761273,0.26589315929417456
        Floor sanders and finishers,47-2043,line item,4700.0,4700.0,1.4,300.0,50440.0,No formal educational credential,Construction and Extraction,3.7016700117393118,47.48010610079575,0.03625815808556925
        Tile and stone setters,47-2044,line item,45200.0,49600.0,9.8,3300.0,55690.0,No formal educational credential,Construction and Extraction,4.695724618472374,58.620689655172406,0.3988397389412618
        Cement masons and concrete finishers,47-2051,line item,204800.0,208100.0,1.6,13600.0,57020.0,No formal educational credential,Construction and Extraction,4.9475517855114175,47.745358090185675,1.6437031665458062
        Terrazzo workers and finishers,47-2053,line item,1200.0,1000.0,-13.0,100.0,76170.0,High school diploma or equivalent,Construction and Extraction,8.5734843034044,28.381962864721483,0.012086052695189751
      Construction laborers,47-2061,line item,1489300.0,1598600.0,7.3,120000.0,47120.0,No formal educational credential,Construction and Extraction,3.073048812814784,55.30503978779839,14.5032632342277
"        Paving, surfacing, and tamping equipment operators",47-2071,line item,42300.0,41900.0,-0.9,3100.0,53340.0,High school diploma or equivalent,Construction and Extraction,4.250766842125194,44.42970822281167,0.3746676335508823
        Pile driver operators,47-2072,line item,2300.0,2200.0,-5.7,200.0,73300.0,High school diploma or equivalent,Construction and Extraction,8.030067785056993,38.063660477453574,0.024172105390379502
        Operating engineers and other construction equipment operators,47-2073,line item,489500.0,511800.0,4.6,39200.0,59850.0,High school diploma or equivalent,Construction and Extraction,5.483394554474192,51.72413793103448,4.737732656514383
        Drywall and ceiling tile installers,47-2081,line item,102200.0,104700.0,2.5,6600.0,58930.0,No formal educational credential,Construction and Extraction,5.309198318627637,48.93899204244031,0.7976794778825236
        Tapers,47-2082,line item,15800.0,15500.0,-1.6,900.0,68270.0,No formal educational credential,Construction and Extraction,7.07766879993941,43.50132625994694,0.10877447425670776
      Electricians,47-2111,line item,821000.0,896900.0,9.2,72700.0,63190.0,High school diploma or equivalent,Construction and Extraction,6.1158026280910365,57.82493368700264,8.78656030940295
      Glaziers,47-2121,line item,59200.0,60300.0,1.9,3900.0,57080.0,High school diploma or equivalent,Construction and Extraction,4.9589124095883665,48.143236074270554,0.47135605511240025
"        Insulation workers, floor, ceiling, and wall",47-2131,line item,45100.0,46200.0,2.4,3000.0,49120.0,No formal educational credential,Construction and Extraction,3.451736282046427,48.80636604774536,0.36258158085569253
"        Insulation workers, mechanical",47-2132,line item,26700.0,28100.0,5.1,1800.0,58340.0,High school diploma or equivalent,Construction and Extraction,5.197485515204302,52.38726790450928,0.21754894851341552
"        Painters, construction and maintenance",47-2141,line item,326900.0,336700.0,3.0,24900.0,49400.0,No formal educational credential,Construction and Extraction,3.5047525277388574,49.602122015915114,3.009427121102248
        Paperhangers,47-2142,line item,2300.0,2400.0,4.3,200.0,52140.0,No formal educational credential,Construction and Extraction,4.023554360586208,51.32625994694959,0.024172105390379502
        Pipelayers,47-2151,line item,33200.0,32200.000000000004,-3.1,2100.0,49000.0,No formal educational credential,Construction and Extraction,3.429015033892528,41.511936339522535,0.25380710659898476
"        Plumbers, pipefitters, and steamfitters",47-2152,line item,510600.0,545200.0,6.8,42000.0,63800.0,High school diploma or equivalent,Construction and Extraction,6.231302306206688,54.6419098143236,5.0761421319796955
      Plasterers and stucco masons,47-2161,line item,22900.0,23600.0,2.8,1500.0,57660.0,No formal educational credential,Construction and Extraction,5.068731775665544,49.33687002652519,0.18129079042784627
      Reinforcing iron and rebar workers,47-2171,line item,16600.0,15700.0,-5.3,1000.0,58970.0,High school diploma or equivalent,Construction and Extraction,5.31677206801227,38.594164456233415,0.1208605269518975
      Roofers,47-2181,line item,166900.0,175600.0,5.3,12000.0,55440.0,No formal educational credential,Construction and Extraction,4.6483886848184195,52.652519893899196,1.4503263234227701
      Sheet metal workers,47-2211,line item,131100.0,134400.0,2.5,9800.0,61800.0,High school diploma or equivalent,Construction and Extraction,5.852614836975045,48.93899204244031,1.1844331641285957
      Structural iron and steel workers,47-2221,line item,68300.0,70400.0,3.1,5900.0,62780.0,High school diploma or equivalent,Construction and Extraction,6.03817169689855,49.734748010610076,0.7130771090161953
      Solar photovoltaic installers,47-2231,line item,31100.0,42400.0,36.5,4200.0,53140.0,High school diploma or equivalent,Construction and Extraction,4.21289809520203,94.03183023872678,0.5076142131979695
"      Helpers--brickmasons, blockmasons, stonemasons, and tile and marble setters",47-3011,line item,14100.0,12500.0,-11.7,1100.0,47550.0,No formal educational credential,Construction and Extraction,3.154466618699587,30.106100795755964,0.13294657964708728
      Helpers--carpenters,47-3012,line item,21900.0,21500.0,-1.7,2000.0,43780.0,No formal educational credential,Construction and Extraction,2.44064073919794,43.36870026525198,0.241721053903795
      Helpers--electricians,47-3013,line item,65000.0,65400.00000000001,0.6,6100.0,42670.0,High school diploma or equivalent,Construction and Extraction,2.230469193774378,46.41909814323607,0.7372492144065749
"      Helpers--painters, paperhangers, plasterers, and stucco masons",47-3014,line item,7600.0,7700.0,1.5,700.0,40470.0,No formal educational credential,Construction and Extraction,1.8139129776195706,47.61273209549071,0.08460236886632826
"      Helpers--pipelayers, plumbers, pipefitters, and steamfitters",47-3015,line item,45300.0,46400.0,2.4,4400.0,42360.0,High school diploma or equivalent,Construction and Extraction,2.1717726360434733,48.80636604774536,0.5317863185883491
      Helpers--roofers,47-3016,line item,6100.0,6100.0,-0.1,600.0,44160.0,No formal educational credential,Construction and Extraction,2.512591358351952,45.490716180371344,0.0725163161711385
"      Helpers, construction trades, all other",47-3019,line item,25200.0,24900.0,-1.0,2300.0,42670.0,No formal educational credential,Construction and Extraction,2.230469193774378,44.29708222811671,0.27797921198936426
      Construction and building inspectors,47-4011,line item,153900.0,153900.0,0.0,14800.0,74690.0,High school diploma or equivalent,Construction and Extraction,8.293255576172985,45.623342175066306,1.7887357988880832
      Elevator and escalator installers and repairers,47-4021,line item,24700.0,26100.0,5.7,1900.0,109910.0,High school diploma or equivalent,Construction and Extraction,14.961941909342219,53.183023872679044,0.22963500120860525
      Fence erectors,47-4031,line item,30600.0,32299.999999999996,5.6,2500.0,47980.0,No formal educational credential,Construction and Extraction,3.2358844245843907,53.05039787798408,0.30215131737974377
      Hazardous materials removal workers,47-4041,line item,52700.0,53500.0,1.5,4300.0,49450.0,High school diploma or equivalent,Construction and Extraction,3.5142197144696485,47.61273209549071,0.5197002658931593
      Highway maintenance workers,47-4051,line item,161800.0,167300.0,3.4,11800.0,50260.0,High school diploma or equivalent,Construction and Extraction,3.6675881395084637,50.132625994694955,1.4261542180323905
      Rail-track laying and maintenance equipment operators,47-4061,line item,17400.0,17700.0,1.5,1200.0,70070.0,High school diploma or equivalent,Construction and Extraction,7.418487522247889,47.61273209549071,0.145032632342277
      Septic tank servicers and sewer pipe cleaners,47-4071,line item,31900.0,34400.0,7.8,2800.0,49880.0,High school diploma or equivalent,Construction and Extraction,3.5956375203544515,55.9681697612732,0.338409475465313
      Miscellaneous construction and related workers,47-4090,line item,29500.0,30600.0,3.9,2400.0,49910.0,High school diploma or equivalent,Construction and Extraction,3.601317832392926,50.79575596816975,0.290065264684554
"        Derrick operators, oil and gas",47-5011,line item,10700.0,10900.0,1.6,900.0,58620.0,No formal educational credential,Construction and Extraction,5.250501760896732,47.745358090185675,0.10877447425670776
"        Rotary drill operators, oil and gas",47-5012,line item,12700.0,12900.0,0.8,1100.0,67890.0,No formal educational credential,Construction and Extraction,7.005718180785397,46.68435013262599,0.13294657964708728
"        Service unit operators, oil and gas",47-5013,line item,43800.0,44300.0,1.1,3800.0,58160.0,No formal educational credential,Construction and Extraction,5.163403642973454,47.08222811671087,0.4592700024172105
"        Excavating and loading machine and dragline operators, surface mining",47-5022,line item,34700.0,35000.0,1.0,2400.0,57430.0,High school diploma or equivalent,Construction and Extraction,5.025182716703904,46.94960212201591,0.290065264684554
"        Earth drillers, except oil and gas",47-5023,line item,19500.0,20200.0,3.6,1400.0,60190.0,High school diploma or equivalent,Construction and Extraction,5.547771424243572,50.397877984084886,0.1692047377326565
"      Explosives workers, ordnance handling experts, and blasters",47-5032,line item,5200.0,5200.0,0.0,400.0,61390.0,High school diploma or equivalent,Construction and Extraction,5.774983905782557,45.623342175066306,0.048344210780759005
        Continuous mining machine operators,47-5041,line item,14000.0,14400.0,3.2,1400.0,61810.0,No formal educational credential,Construction and Extraction,5.854508274321202,49.86737400530504,0.1692047377326565
"        Roof bolters, mining",47-5043,line item,2200.0,1800.0,-18.9,100.0,78540.0,High school diploma or equivalent,Construction and Extraction,9.022228954443898,20.55702917771883,0.012086052695189751
"        Loading and moving machine operators, underground mining",47-5044,line item,5900.0,5000.0,-15.8,400.0,74500.0,No formal educational credential,Construction and Extraction,8.257280266595979,24.668435013262595,0.048344210780759005
"        Underground mining machine operators, all other",47-5049,line item,3200.0,3100.0,-1.0,300.0,70130.0,No formal educational credential,Construction and Extraction,7.429848146324838,44.29708222811671,0.03625815808556925
"      Rock splitters, quarry",47-5051,line item,3500.0,3700.0,5.8,400.0,48740.0,No formal educational credential,Construction and Extraction,3.3797856628924148,53.31564986737399,0.048344210780759005
"      Roustabouts, oil and gas",47-5071,line item,45500.0,47100.0,3.6,4100.0,46960.0,No formal educational credential,Construction and Extraction,3.0427538152762525,50.397877984084886,0.49552816050277976
      Helpers--extraction workers,47-5081,line item,7100.0,7200.0,1.7,700.0,47730.0,High school diploma or equivalent,Construction and Extraction,3.1885484909304354,47.87798408488064,0.08460236886632826
"      Extraction workers, all other",47-5099,line item,5900.0,6100.0,3.4,600.0,57010.0,High school diploma or equivalent,Construction and Extraction,4.945658348165259,50.132625994694955,0.0725163161711385
"      First-line supervisors of mechanics, installers, and repairers",49-1011,line item,629000.0,654500.0,4.1,48900.0,79860.0,High school diploma or equivalent,"Installation, Maintenance, and Repair",9.272162684136783,51.06100795755968,5.910079767947788
"      Computer, automated teller, and office machine repairers",49-2011,line item,72100.0,69900.0,-3.0,6100.0,47810.0,"Some college, no degree","Installation, Maintenance, and Repair",3.2036959896997006,41.6445623342175,0.7372492144065749
"        Radio, cellular, and tower equipment installers and repairers",49-2021,line item,11300.0,11400.0,1.2,1000.0,63520.0,Associate's degree,"Installation, Maintenance, and Repair",6.1782860605142575,47.214854111405835,0.1208605269518975
"        Telecommunications equipment installers and repairers, except line installers",49-2022,line item,143100.0,138400.0,-3.3,11300.0,63890.0,Postsecondary nondegree award,"Installation, Maintenance, and Repair",6.248343242322112,41.24668435013262,1.365723954556442
        Avionics technicians,49-2091,line item,19800.0,21600.0,9.4,1700.0,82280.0,Postsecondary nondegree award,"Installation, Maintenance, and Repair",9.73037452190707,58.09018567639257,0.20546289581822577
"        Electric motor, power tool, and related repairers",49-2092,line item,16100.000000000002,16800.0,4.4,1400.0,56210.0,High school diploma or equivalent,"Installation, Maintenance, and Repair",4.794183360472602,51.45888594164455,0.1692047377326565
"        Electrical and electronics installers and repairers, transportation equipment",49-2093,line item,6600.0,6900.0,5.4,500.0,84890.0,Postsecondary nondegree award,"Installation, Maintenance, and Repair",10.224561669254365,52.78514588859415,0.06043026347594875
"        Electrical and electronics repairers, commercial and industrial equipment",49-2094,line item,65500.0,65700.0,0.3,4700.0,74090.0,Postsecondary nondegree award,"Installation, Maintenance, and Repair",8.179649335403491,46.021220159151184,0.5680444766739183
"        Electrical and electronics repairers, powerhouse, substation, and relay",49-2095,line item,20900.0,22900.0,9.7,1800.0,103020.0,Postsecondary nondegree award,"Installation, Maintenance, and Repair",13.65736357783921,58.488063660477444,0.21754894851341552
"        Electronic equipment installers and repairers, motor vehicles",49-2096,line item,8600.0,7400.0,-14.5,400.0,48420.0,High school diploma or equivalent,"Installation, Maintenance, and Repair",3.319195667815352,26.392572944297076,0.048344210780759005
        Audiovisual equipment installers and repairers,49-2097,line item,22400.0,23400.0,4.8,2200.0,52600.0,Postsecondary nondegree award,"Installation, Maintenance, and Repair",4.110652478509486,51.98938992042439,0.26589315929417456
        Security and fire alarm systems installers,49-2098,line item,86300.0,92100.0,6.8,8500.0,60070.0,High school diploma or equivalent,"Installation, Maintenance, and Repair",5.525050176089674,54.6419098143236,1.0273144790911288
      Aircraft mechanics and service technicians,49-3011,line item,140000.0,147600.0,5.4,11400.0,79870.0,Postsecondary nondegree award,"Installation, Maintenance, and Repair",9.274056121482941,52.78514588859415,1.3778100072516315
        Automotive body and related repairers,49-3021,line item,163200.0,169300.0,3.7,12600.0,54890.0,High school diploma or equivalent,"Installation, Maintenance, and Repair",4.544249630779717,50.53050397877984,1.5228426395939088
        Automotive glass installers and repairers,49-3022,line item,22600.0,23900.0,5.7,1300.0,47630.0,High school diploma or equivalent,"Installation, Maintenance, and Repair",3.169614117468853,53.183023872679044,0.15711868503746676
        Automotive service technicians and mechanics,49-3023,line item,825800.0,866700.0,5.0,66200.0,50620.0,Postsecondary nondegree award,"Installation, Maintenance, and Repair",3.7357518839701593,52.25464190981432,8.000966884215616
      Bus and truck mechanics and diesel engine specialists,49-3031,line item,316000.0,327400.0,3.6,24400.0,61770.0,High school diploma or equivalent,"Installation, Maintenance, and Repair",5.84693452493657,50.397877984084886,2.9489968576262995
        Farm equipment mechanics and service technicians,49-3041,line item,41900.0,46400.0,10.7,3700.0,56550.0,High school diploma or equivalent,"Installation, Maintenance, and Repair",4.858560230241981,59.81432360742704,0.4471839497220208
"        Mobile heavy equipment mechanics, except engines",49-3042,line item,180300.0,192500.0,6.7,15000.0,65510.0,High school diploma or equivalent,"Installation, Maintenance, and Repair",6.555080092399742,54.50928381962864,1.8129079042784626
        Rail car repairers,49-3043,line item,20100.0,20600.0,2.6,1600.0,67530.0,High school diploma or equivalent,"Installation, Maintenance, and Repair",6.937554436323702,49.07161803713527,0.19337684312303602
        Motorboat mechanics and service technicians,49-3051,line item,25000.0,26200.0,4.9,2600.0,57550.0,High school diploma or equivalent,"Installation, Maintenance, and Repair",5.047903964857802,52.122015915119356,0.3142373700749335
        Motorcycle mechanics,49-3052,line item,14200.0,14500.0,2.1,1400.0,48580.0,Postsecondary nondegree award,"Installation, Maintenance, and Repair",3.3494906653538834,48.40848806366048,0.1692047377326565
        Outdoor power equipment and other small engine mechanics,49-3053,line item,38300.0,39200.0,2.3,3800.0,47880.0,High school diploma or equivalent,"Installation, Maintenance, and Repair",3.2169500511228084,48.67374005305039,0.4592700024172105
        Bicycle repairers,49-3091,line item,12200.0,11500.0,-5.7,1200.0,42780.0,High school diploma or equivalent,"Installation, Maintenance, and Repair",2.2512970045821183,38.063660477453574,0.145032632342277
        Recreational vehicle service technicians,49-3092,line item,17500.0,19200.0,9.7,2200.0,52000.0,High school diploma or equivalent,"Installation, Maintenance, and Repair",3.997046237739993,58.488063660477444,0.26589315929417456
        Tire repairers and changers,49-3093,line item,112200.0,116000.0,3.4,12900.0,37710.0,High school diploma or equivalent,"Installation, Maintenance, and Repair",1.291324270079903,50.132625994694955,1.559100797679478
        Mechanical door repairers,49-9011,line item,28400.0,30300.0,6.4,2100.0,55720.0,High school diploma or equivalent,"Installation, Maintenance, and Repair",4.70140493051085,54.111405835543756,0.25380710659898476
"        Control and valve installers and repairers, except mechanical door",49-9012,line item,50400.0,52600.0,4.3,3600.0,74340.0,High school diploma or equivalent,"Installation, Maintenance, and Repair",8.226985269057446,51.32625994694959,0.43509789702683105
"      Heating, air conditioning, and refrigeration mechanics and installers",49-9021,line item,440900.0,489100.0,10.9,40600.0,61010.0,Postsecondary nondegree award,"Installation, Maintenance, and Repair",5.703033286628545,60.07957559681697,4.906937394247039
      Home appliance repairers,49-9031,line item,40500.0,41300.0,1.9,2800.0,50990.0,High school diploma or equivalent,"Installation, Maintenance, and Repair",3.8058090657780133,48.143236074270554,0.338409475465313
        Industrial machinery mechanics,49-9041,line item,446900.0,526600.0,17.8,44400.0,64520.0,High school diploma or equivalent,"Installation, Maintenance, and Repair",6.367629795130079,69.23076923076923,5.366207396664249
"        Maintenance workers, machinery",49-9043,line item,59700.0,58600.0,-1.9,4400.0,60850.0,High school diploma or equivalent,"Installation, Maintenance, and Repair",5.672738289090014,43.103448275862064,0.5317863185883491
        Millwrights,49-9044,line item,40700.0,41000.0,0.9,3200.0,65700.0,High school diploma or equivalent,"Installation, Maintenance, and Repair",6.591055401976749,46.81697612732095,0.38675368624607204
"        Refractory materials repairers, except brickmasons",49-9045,line item,1100.0,900.0,-13.7,100.0,61290.0,High school diploma or equivalent,"Installation, Maintenance, and Repair",5.756049532320976,27.45358090185676,0.012086052695189751
        Electrical power-line installers and repairers,49-9051,line item,131900.0,145500.0,10.3,10900.0,95320.0,High school diploma or equivalent,"Installation, Maintenance, and Repair",12.199416821297383,59.283819628647215,1.317379743775683
        Telecommunications line installers and repairers,49-9052,line item,103400.0,99900.0,-3.4,8000.0,74330.0,High school diploma or equivalent,"Installation, Maintenance, and Repair",8.225091831711289,41.11405835543766,0.96688421561518
        Camera and photographic equipment repairers,49-9061,line item,1800.0,1500.0,-15.5,100.0,52720.0,High school diploma or equivalent,"Installation, Maintenance, and Repair",4.133373726663385,25.066312997347477,0.012086052695189751
        Medical equipment repairers,49-9062,line item,71800.0,80900.0,12.6,8200.0,61660.0,Associate's degree,"Installation, Maintenance, and Repair",5.826106714128829,62.3342175066313,0.9910563210055595
        Musical instrument repairers and tuners,49-9063,line item,6000.0,6100.0,1.9,600.0,46420.0,High school diploma or equivalent,"Installation, Maintenance, and Repair",2.940508198583709,48.143236074270554,0.0725163161711385
        Watch and clock repairers,49-9064,line item,1400.0,1400.0,-0.3,100.0,67230.0,High school diploma or equivalent,"Installation, Maintenance, and Repair",6.880751315938956,45.22546419098143,0.012086052695189751
"        Precision instrument and equipment repairers, all other",49-9069,line item,10200.0,10500.0,2.5,1000.0,68990.0,High school diploma or equivalent,"Installation, Maintenance, and Repair",7.213996288862802,48.93899204244031,0.1208605269518975
"      Maintenance and repair workers, general",49-9071,line item,1621800.0,1690500.0,4.2,148700.0,49590.0,High school diploma or equivalent,"Installation, Maintenance, and Repair",3.540727837315863,51.193633952254636,17.97196035774716
      Wind turbine service technicians,49-9081,line item,11800.0,15300.0,29.5,1500.0,64120.0,Postsecondary nondegree award,"Installation, Maintenance, and Repair",6.291892301283751,84.74801061007958,0.18129079042784627
"        Coin, vending, and amusement machine servicers and repairers",49-9091,line item,34700.0,33500.0,-3.4,3800.0,47450.0,High school diploma or equivalent,"Installation, Maintenance, and Repair",3.135532245238005,41.11405835543766,0.4592700024172105
        Commercial divers,49-9092,line item,4000.0,4200.0,4.8,400.0,72990.0,Postsecondary nondegree award,"Installation, Maintenance, and Repair",7.971371227326088,51.98938992042439,0.048344210780759005
        Locksmiths and safe repairers,49-9094,line item,18700.0,16500.0,-11.7,1200.0,51320.0,High school diploma or equivalent,"Installation, Maintenance, and Repair",3.8682924982012348,30.106100795755964,0.145032632342277
        Manufactured building and mobile home installers,49-9095,line item,3500.0,3700.0,5.8,300.0,45990.0,High school diploma or equivalent,"Installation, Maintenance, and Repair",2.8590903926989055,53.31564986737399,0.03625815808556925
        Riggers,49-9096,line item,22500.0,23400.0,3.9,1700.0,62640.0,High school diploma or equivalent,"Installation, Maintenance, and Repair",6.011663574052335,50.79575596816975,0.20546289581822577
        Signal and track switch repairers,49-9097,line item,8700.0,8900.0,1.8,800.0,92460.0,High school diploma or equivalent,"Installation, Maintenance, and Repair",11.657893740296133,48.010610079575585,0.09668842156151801
"        Helpers--installation, maintenance, and repair workers",49-9098,line item,97100.0,102200.0,5.3,13600.0,39630.0,High school diploma or equivalent,"Installation, Maintenance, and Repair",1.6548642405422804,52.652519893899196,1.6437031665458062
"        Installation, maintenance, and repair workers, all other",49-9099,line item,205200.0,210600.0,2.6,18300.0,49230.0,High school diploma or equivalent,"Installation, Maintenance, and Repair",3.4725640928541677,49.07161803713527,2.2117476432197245
      First-line supervisors of production and operating workers,51-1011,line item,679900.0,692300.0,1.8,61000.0,74450.0,High school diploma or equivalent,Production,8.247813079865187,48.010610079575585,7.372492144065748
"      Aircraft structure, surfaces, rigging, and systems assemblers",51-2011,line item,34400.0,32500.0,-5.6,3100.0,65380.0,High school diploma or equivalent,Production,6.530465406899685,38.196286472148536,0.3746676335508823
"        Coil winders, tapers, and finishers",51-2021,line item,12900.0,12400.0,-4.0,1200.0,48220.0,High school diploma or equivalent,Production,3.281326920892188,40.3183023872679,0.145032632342277
"        Electrical, electronic, and electromechanical assemblers, except coil winders, tapers, and finishers",51-2028,line item,246300.0,258700.0,5.0,25900.0,45850.0,High school diploma or equivalent,Production,2.832582269852691,52.25464190981432,3.1302876480541455
      Engine and other machine assemblers,51-2031,line item,33500.0,27800.0,-17.0,2100.0,53710.0,High school diploma or equivalent,Production,4.320824023933048,23.076923076923073,0.25380710659898476
      Structural metal fabricators and fitters,51-2041,line item,52300.0,49000.0,-6.2,4800.0,51330.0,High school diploma or equivalent,Production,3.8701859355473927,37.40053050397877,0.580130529369108
      Fiberglass laminators and fabricators,51-2051,line item,16300.0,17000.0,4.6,1700.0,46880.0,High school diploma or equivalent,Production,3.0276063165069864,51.72413793103448,0.20546289581822577
      Timing device assemblers and adjusters,51-2061,line item,200.0,200.0,-6.1,0.0,62620.0,High school diploma or equivalent,Production,6.007876699360018,37.53315649867373,0.0
      Miscellaneous assemblers and fabricators,51-2090,line item,1403500.0,1418400.0,1.1,138700.0,44650.0,High school diploma or equivalent,Production,2.6053697883137046,47.08222811671087,16.763355088228185
      Bakers,51-3011,line item,262400.0,276900.0,5.5,36500.0,37160.0,No formal educational credential,Production,1.1871852160412013,52.91777188328912,4.4114092337442585
        Butchers and meat cutters,51-3021,line item,138400.0,141700.0,2.4,15100.0,40140.0,No formal educational credential,Production,1.7514295451963493,48.80636604774536,1.8249939569736524
"        Meat, poultry, and fish cutters and trimmers",51-3022,line item,149800.0,158300.0,5.7,17000.0,38300.0,No formal educational credential,Production,1.4030370735032378,53.183023872679044,2.0546289581822577
        Slaughterers and meat packers,51-3023,line item,71200.0,72600.0,2.0,7700.0,40130.0,No formal educational credential,Production,1.749536107850191,48.275862068965516,0.9306260575296108
"        Food and tobacco roasting, baking, and drying machine operators and tenders",51-3091,line item,21600.0,21700.0,0.4,2500.0,44810.0,No formal educational credential,Production,2.635664785852236,46.153846153846146,0.30215131737974377
        Food batchmakers,51-3092,line item,176800.0,188200.0,6.5,23100.0,42290.0,High school diploma or equivalent,Production,2.158518574620366,54.244031830238725,2.7918781725888326
        Food cooking machine operators and tenders,51-3093,line item,31200.0,31200.0,-0.3,3700.0,41590.0,High school diploma or equivalent,Production,2.0259779603892905,45.22546419098143,0.4471839497220208
"        Food processing workers, all other",51-3099,line item,67400.0,71100.0,5.5,7400.0,39680.0,No formal educational credential,Production,1.6643314272730716,52.91777188328912,0.8943678994440416
"        Extruding and drawing machine setters, operators, and tenders, metal and plastic",51-4021,line item,60900.0,61400.0,0.7,5400.0,47720.0,High school diploma or equivalent,Production,3.1866550535842766,46.55172413793103,0.6526468455402465
"        Forging machine setters, operators, and tenders, metal and plastic",51-4022,line item,8900.0,7400.0,-17.2,600.0,49030.0,High school diploma or equivalent,Production,3.4346953459310035,22.811671087533153,0.0725163161711385
"        Rolling machine setters, operators, and tenders, metal and plastic",51-4023,line item,25300.0,23200.0,-8.3,1900.0,50140.0,High school diploma or equivalent,Production,3.644866891354565,34.615384615384606,0.22963500120860525
"        Cutting, punching, and press machine setters, operators, and tenders, metal and plastic",51-4031,line item,171000.0,153100.0,-10.5,13200.0,46330.0,High school diploma or equivalent,Production,2.923467262468285,31.697612732095486,1.5953589557650472
"        Drilling and boring machine tool setters, operators, and tenders, metal and plastic",51-4032,line item,4700.0,4200.0,-9.5,400.0,49080.0,High school diploma or equivalent,Production,3.4441625326617946,33.02387267904509,0.048344210780759005
"        Grinding, lapping, polishing, and buffing machine tool setters, operators, and tenders, metal and plastic",51-4033,line item,68500.0,61100.0,-10.8,4500.0,46550.0,High school diploma or equivalent,Production,2.965122884083766,31.299734748010604,0.5438723712835388
"        Lathe and turning machine tool setters, operators, and tenders, metal and plastic",51-4034,line item,16700.0,14800.0,-11.3,1400.0,50620.0,High school diploma or equivalent,Production,3.7357518839701593,30.636604774535805,0.1692047377326565
"        Milling and planing machine setters, operators, and tenders, metal and plastic",51-4035,line item,12400.0,10800.0,-13.2,1000.0,52800.0,High school diploma or equivalent,Production,4.148521225432651,28.116710875331563,0.1208605269518975
      Machinists,51-4041,line item,288300.0,291200.0,1.0,26100.0,58750.0,High school diploma or equivalent,Production,5.275116446396789,46.94960212201591,3.154459753444525
        Metal-refining furnace operators and tenders,51-4051,line item,16800.0,16300.0,-2.9,1400.0,54430.0,High school diploma or equivalent,Production,4.45715151285644,41.77718832891246,0.1692047377326565
"        Pourers and casters, metal",51-4052,line item,4600.0,4300.0,-5.0,400.0,51810.0,High school diploma or equivalent,Production,3.9610709281629872,38.9920424403183,0.048344210780759005
"        Model makers, metal and plastic",51-4061,line item,2600.0,2200.0,-17.3,200.0,63340.0,High school diploma or equivalent,Production,6.14420418828341,22.67904509283819,0.024172105390379502
"        Patternmakers, metal and plastic",51-4062,line item,1500.0,1100.0,-22.8,100.0,58000.0,High school diploma or equivalent,Production,5.133108645434922,15.38461538461538,0.012086052695189751
        Foundry mold and coremakers,51-4071,line item,12700.0,9800.0,-23.0,800.0,48110.0,High school diploma or equivalent,Production,3.260499110084447,15.11936339522546,0.09668842156151801
"        Molding, coremaking, and casting machine setters, operators, and tenders, metal and plastic",51-4072,line item,150000.0,144900.0,-3.4,13800.0,44350.0,High school diploma or equivalent,Production,2.5485666679289585,41.11405835543766,1.6678752719361856
"      Multiple machine tool setters, operators, and tenders, metal and plastic",51-4081,line item,127100.0,127900.0,0.6,11600.0,47180.0,High school diploma or equivalent,Production,3.0844094368917334,46.41909814323607,1.4019821126420111
      Tool and die makers,51-4111,line item,56700.0,51500.0,-9.2,4300.0,64050.0,Postsecondary nondegree award,Production,6.278638239860642,33.42175066312997,0.5197002658931593
"        Welders, cutters, solderers, and brazers",51-4121,line item,437700.0,448100.0,2.4,40300.0,53750.0,High school diploma or equivalent,Production,4.328397773317681,48.80636604774536,4.87067923616147
"        Welding, soldering, and brazing machine setters, operators, and tenders",51-4122,line item,32900.0,30000.0,-8.9,2500.0,47920.0,High school diploma or equivalent,Production,3.224523800507441,33.81962864721485,0.30215131737974377
"        Heat treating equipment setters, operators, and tenders, metal and plastic",51-4191,line item,14400.0,13000.0,-9.5,1100.0,48750.0,High school diploma or equivalent,Production,3.381679100238573,33.02387267904509,0.13294657964708728
"        Layout workers, metal and plastic",51-4192,line item,6200.0,5900.0,-3.4,500.0,63870.0,High school diploma or equivalent,Production,6.244556367629795,41.11405835543766,0.06043026347594875
"        Plating machine setters, operators, and tenders, metal and plastic",51-4193,line item,33300.0,30100.0,-9.7,2500.0,43960.0,High school diploma or equivalent,Production,2.474722611428788,32.758620689655174,0.30215131737974377
"        Tool grinders, filers, and sharpeners",51-4194,line item,5800.0,5400.0,-6.8,500.0,50060.0,High school diploma or equivalent,Production,3.6297193925852995,36.604774535809014,0.06043026347594875
"        Metal workers and plastic workers, all other",51-4199,line item,16300.0,15100.0,-7.1,1300.0,45950.0,High school diploma or equivalent,Production,2.8515166433142727,36.206896551724135,0.15711868503746676
      Prepress technicians and workers,51-5111,line item,24700.0,20900.0,-15.3,2100.0,48690.0,Postsecondary nondegree award,Production,3.370318476161624,25.331564986737398,0.25380710659898476
      Printing press operators,51-5112,line item,144000.0,131400.0,-8.7,12100.0,45780.0,High school diploma or equivalent,Production,2.819328208429583,34.08488063660477,1.46241237611796
      Print binding and finishing workers,51-5113,line item,32299.999999999996,26600.0,-17.5,2300.0,42290.0,High school diploma or equivalent,Production,2.158518574620366,22.413793103448274,0.27797921198936426
      Laundry and dry-cleaning workers,51-6011,line item,204900.0,213700.0,4.3,28200.0,34890.0,No formal educational credential,Production,0.7573749384632862,51.32625994694959,3.40826686004351
"      Pressers, textile, garment, and related materials",51-6021,line item,26300.0,22200.0,-15.7,2200.0,35060.0,No formal educational credential,Production,0.7895633733479759,24.801061007957557,0.26589315929417456
      Sewing machine operators,51-6031,line item,117200.0,99500.0,-15.1,9800.0,36670.0,No formal educational credential,Production,1.0944067860794486,25.596816976127318,1.1844331641285957
        Shoe and leather workers and repairers,51-6041,line item,10300.0,9600.0,-6.5,1000.0,37800.0,High school diploma or equivalent,Production,1.308365206195327,37.0026525198939,0.1208605269518975
        Shoe machine operators and tenders,51-6042,line item,4600.0,4200.0,-6.9,400.0,35650.0,High school diploma or equivalent,Production,0.9012761767713106,36.47214854111406,0.048344210780759005
"        Sewers, hand",51-6051,line item,5300.0,4600.0,-12.0,600.0,36480.0,No formal educational credential,Production,1.0584314765024425,29.70822281167108,0.0725163161711385
"        Tailors, dressmakers, and custom sewers",51-6052,line item,33200.0,30300.0,-8.8,3700.0,41640.0,No formal educational credential,Production,2.0354451471200816,33.9522546419098,0.4471839497220208
        Textile bleaching and dyeing machine operators and tenders,51-6061,line item,5700.0,5000.0,-12.5,600.0,38180.0,High school diploma or equivalent,Production,1.3803158253493393,29.045092838196286,0.0725163161711385
"        Textile cutting machine setters, operators, and tenders",51-6062,line item,9400.0,8200.0,-13.6,900.0,38760.0,High school diploma or equivalent,Production,1.4901351914265157,27.58620689655172,0.10877447425670776
"        Textile knitting and weaving machine setters, operators, and tenders",51-6063,line item,13900.0,12000.0,-13.7,1300.0,39530.0,High school diploma or equivalent,Production,1.6359298670806983,27.45358090185676,0.15711868503746676
"        Textile winding, twisting, and drawing out machine setters, operators, and tenders",51-6064,line item,23500.0,21000.0,-10.3,2400.0,38670.0,High school diploma or equivalent,Production,1.4730942553110917,31.962864721485406,0.290065264684554
"        Extruding and forming machine setters, operators, and tenders, synthetic and glass fibers",51-6091,line item,13500.0,13000.0,-3.3,1100.0,46350.0,High school diploma or equivalent,Production,2.927254137160601,41.24668435013262,0.13294657964708728
        Fabric and apparel patternmakers,51-6092,line item,3000.0,2600.0,-15.0,200.0,62750.0,High school diploma or equivalent,Production,6.032491384860076,25.729442970822276,0.024172105390379502
        Upholsterers,51-6093,line item,22700.0,22200.0,-2.3,1700.0,46340.0,High school diploma or equivalent,Production,2.9253606998144432,42.57294429708223,0.20546289581822577
"        Textile, apparel, and furnishings workers, all other",51-6099,line item,14100.0,12200.0,-13.4,900.0,37280.0,High school diploma or equivalent,Production,1.2099064641950996,27.851458885941643,0.10877447425670776
      Cabinetmakers and bench carpenters,51-7011,line item,81800.0,79400.0,-2.9,6900.0,46680.0,High school diploma or equivalent,Production,2.9897375695838226,41.77718832891246,0.8339376359680928
      Furniture finishers,51-7021,line item,15900.0,15300.0,-3.5,1500.0,44540.0,High school diploma or equivalent,Production,2.5845419775059644,40.9814323607427,0.18129079042784627
"        Model makers, wood",51-7031,line item,700.0,700.0,-3.3,100.0,56550.0,High school diploma or equivalent,Production,4.858560230241981,41.24668435013262,0.012086052695189751
"        Patternmakers, wood",51-7032,line item,600.0,600.0,-2.0,100.0,49630.0,High school diploma or equivalent,Production,3.548301586700496,42.9708222811671,0.012086052695189751
"        Sawing machine setters, operators, and tenders, wood",51-7041,line item,41200.0,40800.0,-1.0,4500.0,42770.0,High school diploma or equivalent,Production,2.24940356723596,44.29708222811671,0.5438723712835388
"        Woodworking machine setters, operators, and tenders, except sawing",51-7042,line item,60900.0,59400.0,-2.5,5300.0,43380.0,High school diploma or equivalent,Production,2.3649032453516114,42.3076923076923,0.6405607928450568
"      Woodworkers, all other",51-7099,line item,15400.0,15100.0,-2.3,1700.0,44530.0,High school diploma or equivalent,Production,2.582648540159806,42.57294429708223,0.20546289581822577
        Nuclear power reactor operators,51-8011,line item,5200.0,4900.0,-5.9,400.0,122890.0,High school diploma or equivalent,Production,17.419623584655582,37.79840848806366,0.048344210780759005
        Power distributors and dispatchers,51-8012,line item,8600.0,8700.0,1.2,700.0,106730.0,High school diploma or equivalent,Production,14.359828833263908,47.214854111405835,0.08460236886632826
        Power plant operators,51-8013,line item,29800.0,28300.0,-5.1,2300.0,102040.0,High school diploma or equivalent,Production,13.471806717915705,38.85941644562333,0.27797921198936426
      Stationary engineers and boiler operators,51-8021,line item,31200.0,32200.000000000004,3.1,3200.0,78620.0,High school diploma or equivalent,Production,9.037376453213163,49.734748010610076,0.38675368624607204
      Water and wastewater treatment plant and system operators,51-8031,line item,131000.0,123500.0,-5.7,10000.0,60020.0,High school diploma or equivalent,Production,5.515582989358882,38.063660477453574,1.208605269518975
        Chemical plant and system operators,51-8091,line item,16700.0,15900.0,-5.2,1300.0,78120.0,High school diploma or equivalent,Production,8.942704585905252,38.72679045092838,0.15711868503746676
        Gas plant operators,51-8092,line item,18200.0,17100.0,-6.0,1400.0,87820.0,High school diploma or equivalent,Production,10.779338811678722,37.665782493368695,0.1692047377326565
"        Petroleum pump system operators, refinery operators, and gaugers",51-8093,line item,32900.0,32299.999999999996,-1.9,2700.0,96710.0,High school diploma or equivalent,Production,12.462604612413376,43.103448275862064,0.3263234227701233
"        Plant and system operators, all other",51-8099,line item,14300.0,14600.0,2.3,1200.0,62470.0,High school diploma or equivalent,Production,5.979475139167645,48.67374005305039,0.145032632342277
        Chemical equipment operators and tenders,51-9011,line item,140800.0,145800.0,3.6,13900.0,58040.0,High school diploma or equivalent,Production,5.140682394819556,50.397877984084886,1.6799613246313756
"        Separating, filtering, clarifying, precipitating, and still machine setters, operators, and tenders",51-9012,line item,61400.0,57900.0,-5.7,5200.0,51610.0,High school diploma or equivalent,Production,3.923202181239823,38.063660477453574,0.628474740149867
"        Crushing, grinding, and polishing machine setters, operators, and tenders",51-9021,line item,26600.0,26100.0,-1.7,2300.0,48540.0,High school diploma or equivalent,Production,3.341916915969251,43.36870026525198,0.27797921198936426
"        Grinding and polishing workers, hand",51-9022,line item,10800.0,8700.0,-19.2,700.0,42660.0,No formal educational credential,Production,2.22857575642822,20.15915119363395,0.08460236886632826
"        Mixing and blending machine setters, operators, and tenders",51-9023,line item,97300.0,91400.0,-6.1,7900.0,48990.0,High school diploma or equivalent,Production,3.42712159654637,37.53315649867373,0.9547981629199903
"        Cutters and trimmers, hand",51-9031,line item,5900.0,4800.0,-18.9,500.0,38020.0,No formal educational credential,Production,1.3500208278108077,20.55702917771883,0.06043026347594875
"        Cutting and slicing machine setters, operators, and tenders",51-9032,line item,45900.0,45500.0,-0.9,5400.0,46570.0,High school diploma or equivalent,Production,2.968909758776082,44.42970822281167,0.6526468455402465
"      Extruding, forming, pressing, and compacting machine setters, operators, and tenders",51-9041,line item,58300.0,59200.0,1.5,5200.0,45760.0,High school diploma or equivalent,Production,2.8155413337372663,47.61273209549071,0.628474740149867
"      Furnace, kiln, oven, drier, and kettle operators and tenders",51-9051,line item,14500.0,14900.0,2.6,1800.0,48040.0,High school diploma or equivalent,Production,3.2472450486613393,49.07161803713527,0.21754894851341552
"      Inspectors, testers, sorters, samplers, and weighers",51-9061,line item,602000.0,617200.0,2.5,66700.0,48570.0,High school diploma or equivalent,Production,3.347597228007725,48.93899204244031,8.061397147691563
      Jewelers and precious stone and metal workers,51-9071,line item,32800.0,31800.0,-3.2,3700.0,52540.0,High school diploma or equivalent,Production,4.099291854432536,41.37931034482758,0.4471839497220208
        Dental laboratory technicians,51-9081,line item,34400.0,32299.999999999996,-5.9,3600.0,49610.0,High school diploma or equivalent,Production,3.5445147120081795,37.79840848806366,0.43509789702683105
        Medical appliance technicians,51-9082,line item,11300.0,11700.0,3.5,1300.0,48030.0,High school diploma or equivalent,Production,3.2453516113151815,50.26525198938992,0.15711868503746676
        Ophthalmic laboratory technicians,51-9083,line item,18600.0,19000.0,2.2,2200.0,39460.0,High school diploma or equivalent,Production,1.6226758056575907,48.54111405835543,0.26589315929417456
      Packaging and filling machine operators and tenders,51-9111,line item,377700.0,393300.0,4.1,41400.0,43220.0,High school diploma or equivalent,Production,2.33460824781308,51.06100795755968,5.003625815808557
"        Painting, coating, and decorating workers",51-9123,line item,8200.0,8300.0,1.3,700.0,41600.0,No formal educational credential,Production,2.0278713977354488,47.34748010610079,0.08460236886632826
"        Coating, painting, and spraying machine setters, operators, and tenders",51-9124,line item,164800.0,168900.0,2.5,15300.0,48250.0,High school diploma or equivalent,Production,3.2870072329306623,48.93899204244031,1.849166062364032
      Semiconductor processing technicians,51-9141,line item,31200.0,33800.0,8.2,3400.0,51430.0,High school diploma or equivalent,Production,3.8891203090089745,56.49867374005304,0.41092579163645154
      Photographic process workers and processing machine operators,51-9151,line item,5300.0,5000.0,-5.6,600.0,40610.0,High school diploma or equivalent,Production,1.8404211004657853,38.196286472148536,0.0725163161711385
        Computer numerically controlled tool operators,51-9161,line item,170000.0,154100.0,-9.4,12500.0,50690.0,High school diploma or equivalent,Production,3.7490059453932667,33.156498673740046,1.510756586898719
        Computer numerically controlled tool programmers,51-9162,line item,28600.0,30300.0,5.9,2700.0,68120.0,Postsecondary nondegree award,Production,7.049267239747037,53.44827586206896,0.3263234227701233
        Adhesive bonding machine operators and tenders,51-9191,line item,12100.0,12200.0,1.3,1300.0,46460.0,High school diploma or equivalent,Production,2.9480819479683418,47.34748010610079,0.15711868503746676
"        Cleaning, washing, and metal pickling equipment operators and tenders",51-9192,line item,16200.0,16800.0,3.4,1700.0,43530.0,High school diploma or equivalent,Production,2.3933048055439845,50.132625994694955,0.20546289581822577
        Cooling and freezing equipment operators and tenders,51-9193,line item,7700.0,8100.0,5.9,800.0,41330.0,High school diploma or equivalent,Production,1.9767485893891772,53.44827586206896,0.09668842156151801
        Etchers and engravers,51-9194,line item,8900.0,8800.0,-0.7,800.0,43310.0,High school diploma or equivalent,Production,2.3516491839285036,44.694960212201586,0.09668842156151801
"        Molders, shapers, and casters, except metal and plastic",51-9195,line item,43000.0,45500.0,5.8,5100.0,46170.0,High school diploma or equivalent,Production,2.8931722649297535,53.31564986737399,0.6163886874546773
"        Paper goods machine setters, operators, and tenders",51-9196,line item,96100.0,92600.0,-3.6,9000.0,50270.0,High school diploma or equivalent,Production,3.669481576854622,40.84880636604774,1.0877447425670776
        Tire builders,51-9197,line item,20300.0,20500.0,0.8,1900.0,57390.0,High school diploma or equivalent,Production,5.017608967319272,46.68435013262599,0.22963500120860525
        Helpers--production workers,51-9198,line item,167400.0,153600.0,-8.2,20900.0,39070.0,High school diploma or equivalent,Production,1.5488317491574204,34.748010610079575,2.525985013294658
"        Production workers, all other",51-9199,line item,275700.0,277800.0,0.8,27300.0,40110.0,High school diploma or equivalent,Production,1.7457492331578748,46.68435013262599,3.2994923857868024
      Aircraft cargo handling supervisors,53-1041,line item,9700.0,10600.0,9.2,900.0,58170.0,High school diploma or equivalent,Transportation and Material Moving,5.165297080319612,57.82493368700264,0.10877447425670776
"      First-line supervisors of transportation and material moving workers, except aircraft cargo handling supervisors",53-1047,line item,621500.0,640300.0,3.0,54900.0,62890.0,High school diploma or equivalent,Transportation and Material Moving,6.0589995077062895,49.602122015915114,6.635242929659173
"        Airline pilots, copilots, and flight engineers",53-2011,line item,104600.0,113300.0,8.3,11200.0,232140.0,Bachelor's degree,Transportation and Material Moving,38.10542659143409,56.63129973474801,1.353637901861252
        Commercial pilots,53-2012,line item,50400.0,53000.0,5.2,5200.0,123220.0,Postsecondary nondegree award,Transportation and Material Moving,17.482107017078803,52.51989389920424,0.628474740149867
        Air traffic controllers,53-2021,line item,24000.0,24400.0,1.7,2100.0,148080.0,Associate's degree,Transportation and Material Moving,22.18919225962813,47.87798408488064,0.25380710659898476
        Airfield operations specialists,53-2022,line item,15300.0,16500.0,7.8,1500.0,56850.0,High school diploma or equivalent,Transportation and Material Moving,4.915363350626728,55.9681697612732,0.18129079042784627
      Flight attendants,53-2031,line item,133700.0,145500.0,8.8,18500.0,63580.0,High school diploma or equivalent,Transportation and Material Moving,6.189646684591207,57.294429708222815,2.2359197486101037
"      Ambulance drivers and attendants, except emergency medical technicians",53-3011,line item,14300.0,14100.0,-1.3,1400.0,35450.0,High school diploma or equivalent,Transportation and Material Moving,0.8634074298481463,43.89920424403183,0.1692047377326565
        Driver/sales workers,53-3031,line item,442900.0,478100.0,7.9,45500.0,38770.0,High school diploma or equivalent,Transportation and Material Moving,1.492028628772674,56.10079575596816,5.499153976311337
        Heavy and tractor-trailer truck drivers,53-3032,line item,2221200.0,2305000.0,3.8,214500.0,58640.0,Postsecondary nondegree award,Transportation and Material Moving,5.254288635589048,50.663129973474796,25.924583031182014
        Light truck drivers,53-3033,line item,1068500.0,1136400.0,6.3,107200.0,44860.0,High school diploma or equivalent,Transportation and Material Moving,2.645131972583027,53.9787798408488,12.956248489243412
"        Bus drivers, school",53-3051,line item,396800.0,399700.0,0.7,56500.0,47920.0,High school diploma or equivalent,Transportation and Material Moving,3.224523800507441,46.55172413793103,6.828619772782209
"        Bus drivers, transit and intercity",53-3052,line item,166400.0,173300.0,4.1,21100.0,59050.0,High school diploma or equivalent,Transportation and Material Moving,5.331919566781536,51.06100795755968,2.550157118685038
        Shuttle drivers and chauffeurs,53-3053,line item,251500.0,269400.0,7.1,35500.0,37290.0,No formal educational credential,Transportation and Material Moving,1.211799901541258,55.03978779840848,4.290548706792362
        Taxi drivers,53-3054,line item,204200.0,227700.0,11.5,20400.0,42100.0,No formal educational credential,Transportation and Material Moving,2.12254326504336,60.87533156498674,2.4655547498187094
"      Motor vehicle operators, all other",53-3099,line item,54500.0,56000.0,2.8,6900.0,37180.0,No formal educational credential,Transportation and Material Moving,1.1909720907335175,49.33687002652519,0.8339376359680928
        Locomotive engineers,53-4011,line item,27400.0,27600.0,0.5,2000.0,81410.0,High school diploma or equivalent,Transportation and Material Moving,9.565645472791305,46.28647214854111,0.241721053903795
"        Rail yard engineers, dinkey operators, and hostlers",53-4013,line item,3500.0,3600.0,0.8,300.0,60600.0,High school diploma or equivalent,Transportation and Material Moving,5.625402355436059,46.68435013262599,0.03625815808556925
"      Railroad brake, signal, and switch operators and locomotive firers",53-4022,line item,10700.0,10800.0,0.8,900.0,68840.0,High school diploma or equivalent,Transportation and Material Moving,7.185594728670429,46.68435013262599,0.10877447425670776
      Railroad conductors and yardmasters,53-4031,line item,38900.0,39200.0,0.9,3000.0,78000.0,High school diploma or equivalent,Transportation and Material Moving,8.919983337751354,46.81697612732095,0.36258158085569253
      Subway and streetcar operators,53-4041,line item,10500.0,10900.0,3.7,900.0,86380.0,High school diploma or equivalent,Transportation and Material Moving,10.506683833831937,50.53050397877984,0.10877447425670776
"      Rail transportation workers, all other",53-4099,line item,1100.0,1200.0,4.4,100.0,56360.0,High school diploma or equivalent,Transportation and Material Moving,4.822584920664975,51.45888594164455,0.012086052695189751
      Sailors and marine oilers,53-5011,line item,33000.0,34100.0,3.2,3600.0,51520.0,No formal educational credential,Transportation and Material Moving,3.906161245124399,49.86737400530504,0.43509789702683105
"        Captains, mates, and pilots of water vessels",53-5021,line item,41300.0,42900.0,4.0,3800.0,92460.0,Postsecondary nondegree award,Transportation and Material Moving,11.657893740296133,50.92838196286471,0.4592700024172105
        Motorboat operators,53-5022,line item,2800.0,2900.0,4.9,300.0,47520.0,Postsecondary nondegree award,Transportation and Material Moving,3.1487863066611124,52.122015915119356,0.03625815808556925
      Ship engineers,53-5031,line item,8800.0,9000.0,2.7,900.0,109530.0,Postsecondary nondegree award,Transportation and Material Moving,14.889991290188206,49.204244031830235,0.10877447425670776
      Bridge and lock tenders,53-6011,line item,3100.0,3100.0,-2.3,300.0,57700.0,High school diploma or equivalent,Transportation and Material Moving,5.076305525050176,42.57294429708223,0.03625815808556925
      Parking attendants,53-6021,line item,139200.0,142000.0,2.0,16400.0,35150.0,No formal educational credential,Transportation and Material Moving,0.8066043094633999,48.275862068965516,1.982112642011119
        Automotive and watercraft service attendants,53-6031,line item,102400.0,106300.0,3.8,12900.0,35670.0,No formal educational credential,Transportation and Material Moving,0.905063051463627,50.663129973474796,1.559100797679478
        Aircraft service attendants,53-6032,line item,31200.0,32900.0,5.6,4000.0,40450.0,High school diploma or equivalent,Transportation and Material Moving,1.810126102927254,53.05039787798408,0.48344210780759
      Traffic technicians,53-6041,line item,8100.0,8400.0,4.0,900.0,59090.0,High school diploma or equivalent,Transportation and Material Moving,5.339493316166168,50.92838196286471,0.10877447425670776
      Transportation inspectors,53-6051,line item,25100.0,25600.0,2.2,2300.0,92100.0,High school diploma or equivalent,Transportation and Material Moving,11.589729995834439,48.54111405835543,0.27797921198936426
      Passenger attendants,53-6061,line item,27200.0,28900.0,6.0,4300.0,37720.0,High school diploma or equivalent,Transportation and Material Moving,1.2932177074260613,53.580901856763916,0.5197002658931593
"      Transportation workers, all other",53-6099,line item,13700.0,14300.0,4.0,1600.0,45650.0,High school diploma or equivalent,Transportation and Material Moving,2.794713522929526,50.92838196286471,0.19337684312303602
      Conveyor operators and tenders,53-7011,line item,29000.0,28200.0,-2.6,2200.0,42420.0,No formal educational credential,Transportation and Material Moving,2.1831332601204227,42.17506631299734,0.26589315929417456
      Crane and tower operators,53-7021,line item,42900.0,44500.0,3.8,3500.0,68080.0,High school diploma or equivalent,Transportation and Material Moving,7.0416934903624036,50.663129973474796,0.4230118443316413
      Dredge operators,53-7031,line item,1300.0,1300.0,0.7,100.0,49640.0,High school diploma or equivalent,Transportation and Material Moving,3.550195024046654,46.55172413793103,0.012086052695189751
      Hoist and winch operators,53-7041,line item,3200.0,3200.0,0.2,300.0,56450.0,No formal educational credential,Transportation and Material Moving,4.8396258567803985,45.88859416445623,0.03625815808556925
      Industrial truck and tractor operators,53-7051,line item,765200.0,776300.0,1.5,64700.0,46420.0,No formal educational credential,Transportation and Material Moving,2.940508198583709,47.61273209549071,7.819676093787768
        Cleaners of vehicles and equipment,53-7061,line item,419500.0,435800.0,3.9,51500.0,35830.0,No formal educational credential,Transportation and Material Moving,0.9353580490021586,50.79575596816975,6.224317138022721
"        Laborers and freight, stock, and material movers, hand",53-7062,line item,2940300.0,2991900.0,1.8,340500.0,40240.0,No formal educational credential,Transportation and Material Moving,1.7703639186579314,48.010610079575585,41.1530094271211
        Machine feeders and offbearers,53-7063,line item,41800.0,36300.0,-13.1,4000.0,41220.0,No formal educational credential,Transportation and Material Moving,1.9559207785814368,28.24933687002652,0.48344210780759
"        Packers and packagers, hand",53-7064,line item,555500.0,528000.0,-5.0,61800.0,36280.0,No formal educational credential,Transportation and Material Moving,1.0205627295792783,38.9920424403183,7.4691805656272665
        Stockers and order fillers,53-7065,line item,2804300.0,3055000.0,8.9,430700.0,37330.0,No formal educational credential,Transportation and Material Moving,1.2193736509258908,57.42705570291776,52.054628958182256
        Gas compressor and gas pumping station operators,53-7071,line item,3500.0,3600.0,2.1,300.0,77320.0,High school diploma or equivalent,Transportation and Material Moving,8.791229598212595,48.40848806366048,0.03625815808556925
"        Pump operators, except wellhead pumpers",53-7072,line item,9800.0,10200.0,4.3,1000.0,61770.0,High school diploma or equivalent,Transportation and Material Moving,5.84693452493657,51.32625994694959,0.1208605269518975
        Wellhead pumpers,53-7073,line item,18400.0,18000.0,-2.0,1700.0,69960.0,High school diploma or equivalent,Transportation and Material Moving,7.397659711440148,42.9708222811671,0.20546289581822577
      Refuse and recyclable material collectors,53-7081,line item,156400.0,159600.0,2.1,15500.0,49690.0,No formal educational credential,Transportation and Material Moving,3.559662210777445,48.40848806366048,1.8733381677544114
"      Tank car, truck, and ship loaders",53-7121,line item,12800.0,13200.0,2.8,1300.0,58870.0,No formal educational credential,Transportation and Material Moving,5.2978376945506875,49.33687002652519,0.15711868503746676
"      Material moving workers, all other",53-7199,line item,27800.0,28600.0,2.7,2800.0,41800.0,No formal educational credential,Transportation and Material Moving,2.065740144658613,49.204244031830235,0.338409475465313
